-- phpMyAdmin SQL Dump
-- version 2.11.7
-- http://www.phpmyadmin.net
--
-- Host: localhost
-- Generation Time: Jan 29, 2012 at 09:31 PM
-- Server version: 5.0.51
-- PHP Version: 5.2.6

SET SQL_MODE="NO_AUTO_VALUE_ON_ZERO";

--
-- Database: `db_klinik`
--

-- --------------------------------------------------------

--
-- Table structure for table `authorization`
--

CREATE TABLE IF NOT EXISTS `authorization` (
  `AuthorizationID` int(11) NOT NULL auto_increment,
  `Username` varchar(100) NOT NULL,
  `Access` text NOT NULL,
  PRIMARY KEY  (`AuthorizationID`)
) ENGINE=MyISAM  DEFAULT CHARSET=latin1 AUTO_INCREMENT=44 ;

--
-- Dumping data for table `authorization`
--

INSERT INTO `authorization` (`AuthorizationID`, `Username`, `Access`) VALUES
(28, 'Coba11', 'emp:5,cust:5,supp:5,prod:5,wh:5,bank:5,cashflow:1,po:5,pr:5,pp:5,so:5,sr:5,sp:5'),
(4, 'yahyah', 'emp:3,supp:2'),
(5, 'hahahaha', 'so:1,sr:1,sp:1'),
(29, 'joko', 'po:2'),
(42, 'sa', 'po:5,pb:5,returBeli:5,paymentBeli:5,so:5,faktur:5,returJual:5,paymentJual:5,bonus:1,adj:2,trans:2,prod:2,labarugi:1,backup:1,regis:5,utangPiutang:1,penagihan:1,daftarTagih:1,reportProd:1,reportTrans:1'),
(43, 'ira', 'po:4,pb:4,returBeli:4,paymentBeli:4,so:4,faktur:4,returJual:4,paymentJual:4,trans:2,backup:1,utangPiutang:1,penagihan:1,daftarTagih:1,reportTrans:1');

-- --------------------------------------------------------

--
-- Table structure for table `baranghistory`
--

CREATE TABLE IF NOT EXISTS `baranghistory` (
  `KdBarangHistory` int(11) NOT NULL auto_increment,
  `KdBarang` varchar(20) NOT NULL,
  `UserID` varchar(20) NOT NULL,
  `TanggalHistory` datetime NOT NULL,
  `StockAwal` double default '0',
  `QtyUpdate_Min` double default '0',
  `QtyUpdate_Plus` double default '0',
  `QtyFaktur_Min` double default '0',
  `QtyRetur_Plus` double default '0',
  `QtyRetur_Min` double NOT NULL default '0',
  `QtyPurchase_Plus` double default '0',
  `QtyProd_Plus` double default '0',
  `QtyAdj_Min` double default '0',
  `QtyAdj_Plus` double default '0',
  `StatusBarangList` char(1) default '0',
  `StockAkhir` double default '0',
  `HargaAwal` decimal(20,2) default '0.00',
  `HargaAkhir` decimal(20,2) default '0.00',
  `Module` varchar(200) default NULL,
  `RefNumber` varchar(20) default NULL,
  `Keterangan` text,
  `isActive` char(1) NOT NULL default '1',
  PRIMARY KEY  (`KdBarangHistory`),
  KEY `KdBarang` (`KdBarang`),
  KEY `UserID` (`UserID`)
) ENGINE=MyISAM DEFAULT CHARSET=latin1 AUTO_INCREMENT=1 ;

--
-- Dumping data for table `baranghistory`
--


-- --------------------------------------------------------

--
-- Table structure for table `msbarang`
--

CREATE TABLE IF NOT EXISTS `msbarang` (
  `KdBarang` varchar(20) NOT NULL,
  `KdIdentifikasi` varchar(20) NOT NULL,
  `KdMerk` varchar(20) NOT NULL,
  `KdKategori` varchar(20) NOT NULL,
  `KdSub` varchar(20) NOT NULL,
  `KdSupplier` varchar(20) NOT NULL,
  `NamaBarang` varchar(200) NOT NULL,
  `Note` text,
  `HargaList` double(20,2) default '0.00',
  `LevelID` char(1) default '0',
  PRIMARY KEY  (`KdBarang`),
  KEY `KdMerk` (`KdMerk`),
  KEY `KdKategori` (`KdKategori`),
  KEY `KdSub` (`KdSub`),
  KEY `KdSupplier` (`KdSupplier`)
) ENGINE=InnoDB DEFAULT CHARSET=latin1;

--
-- Dumping data for table `msbarang`
--

INSERT INTO `msbarang` (`KdBarang`, `KdIdentifikasi`, `KdMerk`, `KdKategori`, `KdSub`, `KdSupplier`, `NamaBarang`, `Note`, `HargaList`, `LevelID`) VALUES
('04032-0009', 'KPSH-01', 'MR011', 'KG206', 'SK208', 'SP11110001', 'KING PIN SET MERK HOKIKU HINO RANGER', '', 355000.00, '1'),
('04311-12070', 'CTT-03', 'MR001', 'KG111', 'SK112', 'SP11110001', 'CLUTCH MASTER KIT G-BOX 7K DIESEL', 'MEDAN JAYA', 27000.00, '1'),
('04311-17020', 'CTT-01', 'MR001', 'KG014', 'SK015', 'SP11110001', 'CLUTCH MASTER KIT G-BOX 5K/7K', 'MEDAN JAYA', 27000.00, '1'),
('04311-20050', 'CTT-06', 'MR001', 'KG113', 'SK115', 'SP11110001', 'CLUTCH MASTER KIT G-BOX RINO', 'MEDAN JAYA', 27000.00, '1'),
('04311-20050A', 'CTD-01', 'MR005', 'KG115', 'SK117', 'SP11110001', 'CLUTCH MASTER KIT G-BOX DELTA/V22', 'MEDAN JAYA', 27000.00, '1'),
('04311-25020', 'CTT-04', 'MR001', 'KG112', 'SK114', 'SP11110001', 'CLUTCH MASTER KIT G-BOX HT125/140', 'MEDAN JAYA', 36000.00, '1'),
('04311-36082', 'CTT-02', 'MR001', 'KG067', 'SK068', 'SP11110001', 'CLUTCH MASTER KIT G-BOX GRAND', 'MEDAN JAYA', 27000.00, '1'),
('04311-60030', 'CTT-05', 'MR001', 'KG046', 'SK046', 'SP11110001', 'CLUTCH MASTER KIT G-BOX 2F', 'MEDAN JAYA', 29500.00, '1'),
('04313-17020', 'CKT-01', 'MR001', 'KG011', 'SK012', 'SP11110001', 'CLUTCH OPERATING KIT G-BOX 7K', 'MEDAN JAYA', 20000.00, '1'),
('04313-22020', 'CKT-02', 'MR001', 'KG038', 'SK037', 'SP11110001', 'CLUTCH OPERATING KIT G-BOX 5K', 'MEDAN JAYA', 20000.00, '1'),
('04313-30052', 'CKT-05', 'MR001', 'KG111', 'SK112', 'SP11110001', 'CLUTCH OPERATING KIT G-BOX 7K DIESEL', 'MEDAN JAYA', 20000.00, '1'),
('04313-36090', 'CKT-03', 'MR001', 'KG113', 'SK115', 'SP11110001', 'CLUTCH OPERATING KIT G-BOX RINO', 'MEDAN JAYA', 20000.00, '1'),
('04313-37030', 'CKT-04', 'MR001', 'KG062', 'SK062', 'SP11110001', 'CLUTCH OPERATING KIT G-BOX HT125', 'MEDAN JAYA', 22000.00, '1'),
('04371-22010', 'JKT-01', 'MR001', 'KG045', 'SK045', 'SP11120002', 'UNIVERSAL JOINT/JOINT KOPEL TYPE ORISINIL "A" KIJANG', '', 67950.00, '1'),
('04371-36470', 'JKT-03', 'MR001', 'KG010', 'SK011', 'SP11110005', 'UNIVERSAL JOINT/JOINT KOPEL TYPE "B" RINO 115', '', 64350.00, '1'),
('04371-36470A', 'JKT-02', 'MR001', 'KG010', 'SK011', 'SP11110005', 'UNIVERSAL JOINT/JOINT KOPEL TYPE "A" RINO 115', '', 75000.00, '1'),
('04371-BZ010', 'JKT-05', 'MR001', 'KG016', 'SK017', 'SP11110005', 'UNIVERSAL JOIN/JOIN KOPEL TYPE "B" AVANZA', '', 50000.00, '1'),
('04371-BZ010A', 'JKT-04', 'MR001', 'KG016', 'SK017', 'SP11110005', 'UNIVERSAL JOINT/JOINT KOPEL TYPE "A" AVANZA', '', 65000.00, '1'),
('044-93-27100', 'BKT-02', 'MR001', 'KG038', 'SK037', 'SP11110001', 'BRAKE MASTER KIT G-BOX 5K RED', 'MEDAN JAYA', 57500.00, '1'),
('04431-36100', 'KPST-01', 'MR001', 'KG113', 'SK115', 'SP11110001', 'KING PIN SET RINO', '', 193000.00, '1'),
('04453-60020', 'CAT-02', 'MR001', 'KG046', 'SK046', 'SP11110001', 'CENTER ARM KIT 2F', '', 190000.00, '1'),
('04465-71885', 'BPD-02', 'MR005', 'KG040', 'SK040', 'SP11110008', 'BRAKE PAD TAFT GT', '', 70000.00, '3'),
('04465-77360', 'BPT-06', 'MR001', 'KG035', 'SK035', 'SP11110008', 'BRAKE PAD FORTUNER', '', 214500.00, '3'),
('04465-87113', 'BPD-03', 'MR005', 'KG041', 'SK041', 'SP11110008', 'BRAKE PAD ZEBRA', '', 70000.00, '3'),
('04465-BZ010', 'BPT-03', 'MR001', 'KG016', 'SK017', 'SP11110007', 'BRAKE PAD AVANZA', '', 78400.00, '3'),
('04465-BZ130', 'BPD-01', 'MR005', 'KG023', 'SK024', 'SP11110007', 'BRAKE PAD GRANDMAX', '', 107000.00, '3'),
('04465-OB020', 'BPT-01', 'MR001', 'KG038', 'SK037', 'SP11110007', 'BRAKE PAD 5K', '', 64000.00, '3'),
('04465-OK020', 'BPT-05', 'MR001', 'KG034', 'SK034', 'SP11110007', 'BRAKE PAD HI-LUX', '', 135850.00, '3'),
('04465-OK100', 'BPT-04', 'MR001', 'KG015', 'SK016', 'SP11110007', 'BRAKE PAD INNOVA', '', 96000.00, '3'),
('04471-87315', 'BKD-07', 'MR005', 'KG077', 'SK078', 'SP11110001', 'BRAKE MASTER KIT G-BOX V83', 'MEDAN JAYA', 60000.00, '1'),
('04471-87316', 'BKD-06', 'MR005', 'KG047', 'SK047', 'SP11110001', 'BRAKE MASTER KIT G-BOX V22', 'MEDAN JAYA', 60000.00, '1'),
('04471-87511', 'BKD-01', 'MR005', 'KG048', 'SK048', 'SP11110001', 'BRAKE MASTER KIT G-BOX S75', 'MEDAN JAYA', 57500.00, '1'),
('04471-87515', 'BKD-02', 'MR005', 'KG049', 'SK049', 'SP11110001', 'BRAKE MASTER KIT G-BOX S88', 'MEDAN JAYA', 57500.00, '1'),
('04471-87519', 'BKD-04', 'MR005', 'KG050', 'SK050', 'SP11110001', 'BRAKE MASTER KIT G-BOX S89', 'MEDAN JAYA', 57500.00, '1'),
('04471-87524', 'BKD-03', 'MR005', 'KG075', 'SK076', 'SP11110001', 'BRAKE MASTER KIT G-BOX S91', 'MEDAN JAYA', 57500.00, '1'),
('04471-87604', 'BKD-05', 'MR005', 'KG076', 'SK077', 'SP11110001', 'BRAKE MASTER KIT G-BOX F50', 'MEDAN JAYA', 60000.00, '1'),
('04471-87605', 'BKD-08', 'MR005', 'KG051', 'SK051', 'SP11110001', 'BRAKE MASTER KIT G-BOX F70', 'MEDAN JAYA', 60000.00, '1'),
('04479-0K100', 'CIT-01', 'MR001', 'KG015', 'SK016', 'SP11110007', 'CALIPER KIT TYPE "A" INOVA', '', 35000.00, '1'),
('04479-87602', 'CKD-01', 'MR005', 'KG051', 'SK051', 'SP11110007', 'CALIPER KIT TYPE "A" DAIHATSU', '', 27000.00, '1'),
('04479-87706', 'CKD-02', 'MR005', 'KG144', 'SK146', 'SP11110007', 'CALIPER KIT TYPE "A" S89/S91', '', 24000.00, '1'),
('04479-BZ010', 'CIT-02', 'MR001', 'KG016', 'SK017', 'SP11110007', 'CALIPER KIT TYPE "A" AVANZA', '', 35000.00, '1'),
('04479-YD010', 'CIT-03', 'MR001', 'KG045', 'SK045', 'SP11110007', 'CALIPER KIT TYPE "A" KIJANG', '', 35000.00, '1'),
('04493-25030', 'BKT-04', 'MR001', 'KG010', 'SK011', 'SP11110001', 'BRAKE MASTER KIT G-BOX RINO', 'MEDAN JAYA', 60000.00, '1'),
('04493-27090', 'BKT-01', 'MR001', 'KG038', 'SK037', 'SP11110001', 'BRAKE MASTER KIT G-BOX 5K BLUE', 'MEDAN JAYA', 57500.00, '1'),
('04493-36210', 'BKT-05', 'MR001', 'KG062', 'SK062', 'SP11110001', 'BRAKE MASTER KIT G-BOX HT125/140', 'MEDAN JAYA', 62000.00, '1'),
('04493-38010', 'BKT-03', 'MR001', 'KG074', 'SK075', 'SP11110001', 'BRAKE MASTER KIT G-BOX 7K GRAND', 'MEDAN JAYA', 57500.00, '1'),
('04495-59078', 'BST-04', 'MR001', 'KG042', 'SK042', 'SP11110003', 'BRAKE SHOE KRISTA', '', 192500.00, '3'),
('04495-77315', 'BSD-02', 'MR005', 'KG040', 'SK040', 'SP11110003', 'BRAKE SHOE TAFT GT', '', 0.00, '3'),
('04495-BZ010', 'BST-02', 'MR001', 'KG016', 'SK017', 'SP11110003', 'BRAKE SHOE AVANZA', '', 121550.00, '3'),
('04495-BZ100', 'BSD-01', 'MR005', 'KG023', 'SK024', 'SP11110003', 'BRAKE SHOE GRANDMAX', '', 114000.00, '3'),
('04495-OB020', 'BST-01', 'MR001', 'KG014', 'SK015', 'SP11110003', 'BRAKE SHOE 5K/7K', '', 106500.00, '3'),
('04495-OK010', 'BST-03', 'MR001', 'KG015', 'SK016', 'SP11110003', 'BRAKE SHOE INNOVA', '', 192500.00, '3'),
('04495-OK020', 'BST-05', 'MR001', 'KG034', 'SK034', 'SP11110003', 'BRAKE SHOE HI-LUX', '', 343500.00, '3'),
('056700-4050', 'RST-01', 'MR001', 'KG246', 'SK247', 'SP11110001', 'RELAY STATER MERK AM RINO/TAFT', '', 34000.00, '1'),
('092130-0050', 'HPM-02', 'MR004', 'KG005', 'SK005', 'SP11110001', 'HAND PUMP WARNA KUNING G-BOX "A" PS100', '', 23000.00, '1'),
('092130-0050A', 'HPM-01', 'MR004', 'KG005', 'SK005', 'SP11110001', 'HAND PUMP WARNA PUTIH G-BOX "A" PS100', '', 40000.00, '1'),
('0928-05012', 'SKS-02', 'MR003', 'KG098', 'SK099', 'SP11110006', 'SEAL KLEP TYPE "A" APV', '', 7000.00, '1'),
('09289-07007', 'SKS-01', 'MR003', 'KG143', 'SK145', 'SP11110006', 'SEAL KLEP TYPE "A" CARRY/FUTURA', '', 6100.00, '1'),
('1-41521-035', 'SDI-01', 'MR002', 'KG174', 'SK176', 'SP11110001', 'SPIDER PINION FORGING, CHROMED NKR 66', '', 215000.00, '3'),
('1/2X61/2X31/32', 'SBM-01', 'MR004', 'KG019', 'SK020', 'SP11110007', 'SPRING U BALL L300', '', 120000.00, '3'),
('1/2X61/2X9/16', 'SBD-01', 'MR005', 'KG051', 'SK051', 'SP11110007', 'SPRING U BALL F 70', '', 120000.00, '3'),
('11115-87109', 'PHOD-04', 'MR005', 'KG205', 'SK207', 'SP12010001', 'PACKING HEAD ONLY TYPE "A" FEROZA', '', 65800.00, '3'),
('11461-78021', 'LOT-08', 'MR001', 'KG213', 'SK215', 'SP11120003', 'LINER ONLY DYNA 125/HT 125', '', 1150000.00, '3'),
('12411-77300', 'STS-01', 'MR003', 'KG054', 'SK054', 'SP11110001', 'SWITCH TEMPERATUR EXTRA', '', 16500.00, '1'),
('12600-79222', 'RGS-02', 'MR003', 'KG163', 'SK165', 'SP11110001', 'RING GEAR FLYWHEEL ST100', '', 78500.00, '1'),
('12620-77501', 'FSS-03', 'MR003', 'KG007', 'SK008', 'SP11110001', 'FLY WHEEL SUB ASSY FUTURA', '', 270000.00, '1'),
('12620-77502', 'RGS-01', 'MR003', 'KG007', 'SK008', 'SP11110001', 'RING GEAR FLYWHEEL FUTURA', '', 82500.00, '1'),
('12620-79223', 'FSS-04', 'MR003', 'KG163', 'SK165', 'SP11110001', 'FLY WHEEL SUB ASSY ST100', '', 231000.00, '1'),
('12765-77300', 'HAS-01', 'MR003', 'KG194', 'SK196', 'SP11110001', 'HOUSING ALTERNATOR FRONT CARRY/KATANA', '', 85000.00, '1'),
('12766-77300', 'HAS-02', 'MR003', 'KG194', 'SK196', 'SP11110001', 'HOUSING ALTERNATOR REAR CARRY/KATANA', '', 65000.00, '1'),
('12777-77300', 'HAS-03', 'MR003', 'KG194', 'SK196', 'SP11110001', 'HOUSING ALTERNATOR TUTUP CARRY/KATANA', '', 23000.00, '1'),
('12841-73002', 'RAS-01', 'MR003', 'KG065', 'SK065', 'SP11110001', 'ROCKER ARM CARRY EXTRA', 'PAL', 42500.00, '1'),
('13011-78060', 'RST-66', 'MR001', 'KG213', 'SK215', 'SP11120003', 'RING SEHER STANDAR DYNA 125/HT125', '', 400000.00, '3'),
('13101-78120', 'PAT-18', 'MR001', 'KG213', 'SK215', 'SP11120003', 'PISTON ASSY STANDAR WARNA CHROMED DYNA 125/HT 125', '', 1100000.00, '3'),
('13101-78120A', 'PAT-19', 'MR001', 'KG213', 'SK215', 'SP11120003', 'PISTON ASSY STANDAR WARNA CHROMED BAJA DYNA 125/ HT 125', '', 1300000.00, '3'),
('13405-06020', 'FST-02', 'MR001', 'KG011', 'SK012', 'SP11110001', 'FLY WHEEL SUB ASSY 7K', '', 386000.00, '1'),
('13405-29125', 'FST-01', 'MR001', 'KG038', 'SK037', 'SP11110001', 'FLY WHEEL SUB ASSY 5K', '', 370000.00, '1'),
('13405-87110', 'FSD-01', 'MR004', 'KG050', 'SK050', 'SP11110001', 'FLY WHEEL SUB ASSY S89', '', 330000.00, '1'),
('13405-87746', 'FSD-02', 'MR005', 'KG165', 'SK167', 'SP11110001', 'FLY WHEEL SUB ASSY S75/S88', '', 247000.00, '1'),
('13453-10010', 'RGT-01', 'MR001', 'KG038', 'SK037', 'SP11110001', 'RING GEAR FLYWHEEL 5K', '', 85000.00, '1'),
('13453-87104', 'RGD-02', 'MR005', 'KG050', 'SK050', 'SP11110001', 'RING GEAR FLYWHEEL S89', '', 78500.00, '1'),
('13453-87302', 'RGD-01', 'MR005', 'KG051', 'SK051', 'SP11110001', 'RING GEAR FLYWHEEL F70', '', 122500.00, '1'),
('13813-87102', 'RAD-01', 'MR005', 'KG050', 'SK050', 'SP11110001', 'ROCKER ARM S89', 'PAL', 30000.00, '1'),
('13814-87102', 'RAD-02', 'MR005', 'KG050', 'SK050', 'SP11110001', 'ROCKER ARM S89', 'PAL', 30000.00, '1'),
('14465-OB030', 'BPT-02', 'MR001', 'KG011', 'SK012', 'SP11110007', 'BRAKE PAD 7K', '', 76000.00, '3'),
('16571-BZ020', 'RHD-01', 'MR005', 'KG216', 'SK218', 'SP11110007', 'RADIATOR HOSE ATAS XENIA', '', 28860.00, '3'),
('16572-BZ020', 'RHD-02', 'MR005', 'KG216', 'SK218', 'SP11110007', 'RADIATOR HOSE BAWAH XENIA', '', 41750.00, '3'),
('19145-26060', 'PLT-01', 'MR001', 'KG045', 'SK045', 'SP11110002', 'PLATINA "A" KIJANG', '', 14300.00, '3'),
('19500-B0010', 'CLT-03', 'MR001', 'KG016', 'SK017', 'SP11110005', 'COIL TYPE ORISINIL AVANZA', '', 471900.00, '1'),
('19601-95911', 'FRS-01', 'MR003', 'KG163', 'SK165', 'SP11110001', 'FLASHER G-BOX SMALL ST100', '', 13700.00, '1'),
('19901-87198', 'CPD-01', 'MR005', 'KG050', 'SK050', 'SP11110001', 'KABEL BUSI/CORD PLUG MERK SUMITOMO/YAZAKI S89', '', 121500.00, '1'),
('19901-87544', 'CPD-02', 'MR005', 'KG075', 'SK076', 'SP11110001', 'KABEL BUSI/CORD PLUG MERK SUMITOMO/YAZAKI S91', '', 121500.00, '1'),
('19901-89445', 'CPD-03', 'MR005', 'KG205', 'SK207', 'SP11110001', 'KABEL BUSI/CORD PLUG MERK SUMITOMO/YAZAKI FEROZA', '', 121500.00, '1'),
('22311-775MO', 'FPIS-03', 'MR003', 'KG007', 'SK008', 'SP11110001', 'FLANGE PINION FUTURA', 'PAL', 70000.00, '1'),
('227700-15040', 'KOT-01', 'MR001', 'KG045', 'SK045', 'SP11120002', 'KET OUT WARNA PUTIH TYPE ORISINIL KIJANG', '', 135850.00, '1'),
('23301-87302', 'BFF-01', 'MR005', 'KG051', 'SK051', 'SP11110001', 'BODY FUEL FILTER G-BOX F70', '', 87000.00, '1'),
('23380-56060', 'BFF-04', 'MR001', 'KG064', 'SK064', 'SP11110001', 'BODY FUEL FILTER G-BOX 14B', '', 87000.00, '1'),
('25285-Z5061', 'STSN-01', 'MR008', 'KG061', 'SK061', 'SP11110002', 'SWITCH TURN SIGNAL CK12', '', 229000.00, '1'),
('25390-00Z09', 'FRN-01', 'MR008', 'KG061', 'SK061', 'SP11110001', 'FLASHER G-BOX CK12', '', 46000.00, '1'),
('25510-78030', 'FPAT-01', 'MR001', 'KG113', 'SK115', 'SP11110001', 'FEED PUMP ASSY RINO', '', 176000.00, '1'),
('26710-77511', 'FBS-02', 'MR003', 'KG007', 'SK008', 'SP11110001', 'FUSES BOX G-BOX FUTURA', 'SS', 25000.00, '1'),
('27110-77310', 'PSOS-01', 'MR003', 'KG065', 'SK065', 'SP11110001', 'PROPELER SHAFT ONLY CARRY EXTRA', '', 185000.00, '1'),
('27110-80001', 'FPIS-02', 'MR003', 'KG170', 'SK172', 'SP11110001', 'FLANGE PINION CARRY ST100', 'PAL', 60000.00, '1'),
('27110-80400', 'FPIS-01', 'MR003', 'KG065', 'SK065', 'SP11110001', 'FLANGE PINION CARRY EXTRA', 'PAL', 70000.00, '1'),
('27131-77200', 'FJS-03', 'MR003', 'KG170', 'SK172', 'SP11110001', 'FLANGE JOINT CARRY ST100', 'PAL', 50000.00, '1'),
('27131-775M0', 'FJS-02', 'MR003', 'KG007', 'SK008', 'SP11110001', 'FLANGE JOINT FUTURA', 'PAL', 56000.00, '1'),
('27131-83001', 'FJS-01', 'MR003', 'KG065', 'SK065', 'SP11110001', 'FLANGE JOINT CARRY EXTRA', 'PAL', 55000.00, '1'),
('27200-775MO', 'JKS-01', 'MR003', 'KG197', 'SK199', 'SP11110002', 'UNIVERSAL JOINT/JOINT KOPEL KETOK SGP TYPE "A" FUTURA/CARRY', '', 41000.00, '1'),
('27200-88621', 'JKS-02', 'MR003', 'KG286', 'SK287', 'SP11110002', 'UNIVERSAL JOINT/JOINT KOPEL POLOS FUTURA INJECTION', '', 31000.00, '1'),
('27331-77300', 'SGP-02', 'MR003', 'KG163', 'SK165', 'SP11110001', 'PINION GEAR ST100', '', 37500.00, '1'),
('27331-82000', 'SGP-04', 'MR003', 'KG247', 'SK248', 'SP11110001', 'PINION GEAR SJ410/KATANA', '', 37500.00, '1'),
('27341-63206', 'SGP-03', 'MR003', 'KG247', 'SK248', 'SP11110001', 'SIDE GEAR SJ410/KATANA', '', 55600.00, '1'),
('27341-77301', 'SGP-01', 'MR003', 'KG163', 'SK165', 'SP11110001', 'SIDE GEAR  ST100', '', 55600.00, '1'),
('27351-77300', 'PSS-01', 'MR003', 'KG163', 'SK165', 'SP11110001', 'PINION SHAFT ST100', '', 22500.00, '1'),
('28011-13060', 'BDT-02', 'MR001', 'KG038', 'SK037', 'SP11110001', 'BENDIX STATER 9T 5K', '', 39000.00, '3'),
('28011-60041', 'BDT-01', 'MR001', 'KG046', 'SK046', 'SP11110001', 'BENDIX STATER 2F', '', 39000.00, '3'),
('28011-64020', 'BDD-01', 'MR005', 'KG051', 'SK051', 'SP11110001', 'BENDIX STATER F70', '', 150000.00, '1'),
('28011-87303', 'BDD-02', 'MR005', 'KG047', 'SK047', 'SP11110001', 'BENDIX STATER V22', '', 52500.00, '1'),
('28300-5820', 'BDM-11', 'MR004', 'KG053', 'SK053', 'SP11110001', 'BENDIX STATER T120SS 8T', '', 39000.00, '3'),
('28410-1121', 'RSH-01', 'MR011', 'KG155', 'SK157', 'SP11110001', 'RELLAY STATER MERK AM HINO', '', 91500.00, '1'),
('284110-1122A', 'RBH-01', 'MR011', 'KG155', 'SK157', 'SP11110001', 'RELLAY BLOCK MERK AM HINO', '', 286000.00, '1'),
('31310-51A10', 'BDS-02', 'MR003', 'KG054', 'SK054', 'SP11110001', 'BENDIX STATER 9T EXTRA', '', 39000.00, '3'),
('31320-51A10', 'BDS-01', 'MR003', 'KG054', 'SK054', 'SP11110001', 'BENDIX STATER 8T EXTRA', '', 39000.00, '3'),
('31320-79620', 'BDS-03', 'MR003', 'KG008', 'SK009', 'SP11110001', 'BENDIX STATER ST100', '', 39000.00, '3'),
('31320-82010', 'BDS-04', 'MR003', 'KG007', 'SK008', 'SP11110001', 'BENDIX STATER FUTURA', '', 39000.00, '3'),
('31351-38031C', 'GPT-08', 'MR001', 'KG185', 'SK187', 'SP11110002', 'GEAR SET DIFF 2 BESAR, 4 KECIL TYPE KETOK LAMBANG TOYOTA DYNA 125HT', '', 698000.00, '1'),
('31410-27020', 'CMT-04', 'MR001', 'KG119', 'SK121', 'SP11110001', 'CLUTCH MASTER ASSY G-BOX KF40 (5/8)', '', 800000.00, '1'),
('31410-27022', 'CMT-03', 'MR001', 'KG118', 'SK120', 'SP11110001', 'CLUTCH MASTER ASSY G-BOX KF50 (5/80)', '', 80000.00, '1'),
('31420-25040', 'CMT-01', 'MR001', 'KG062', 'SK062', 'SP11110001', 'CLUTCH MASTER ASSY G-BOX HT125', '', 90000.00, '1'),
('31470-36211', 'COT-01', 'MR001', 'KG064', 'SK064', 'SP11110001', 'CLUTCH OPERATING ASSY G-BOX 14B', '', 53000.00, '1'),
('32240-0B010', 'HAT-06', 'MR001', 'KG141', 'SK012', 'SP11110001', 'HOUSING ALTERNATOR TUTUP 7K', '', 28400.00, '1'),
('32240-YD010', 'HAT-05', 'MR001', 'KG038', 'SK037', 'SP11110001', 'HOUSING ALTERNATOR TUTUP 5K', '', 23000.00, '1'),
('32245-07065', 'HAT-01', 'MR001', 'KG038', 'SK037', 'SP11110001', 'HOUSING ALTERNATOR FRONT 5K', '', 93000.00, '1'),
('32245-0B010', 'HAT-03', 'MR001', 'KG011', 'SK012', 'SP11110001', 'HOUSING ALTERNATOR FRONT 7K', '', 98800.00, '1'),
('32246-07066', 'HAT-02', 'MR001', 'KG038', 'SK037', 'SP11110001', 'HOUSING ALTERNATOR REAR 5K', '', 85000.00, '1'),
('32246-0B010', 'HAT-04', 'MR001', 'KG011', 'SK012', 'SP11110001', 'HOUSING ALTERNATOR REAR 7K', '', 88000.00, '1'),
('33100-77500', 'BRS-01', 'MR003', 'KG007', 'SK008', 'SP11110007', 'BAUT RODA FUTURA', '', 5000.00, '3'),
('33101-0K030', 'MRT-01', 'MR001', 'KG015', 'SK016', 'SP11110007', 'MUR RODA INNOVA', '', 14000.00, '3'),
('33210-77300', 'FBBS-01', 'MR003', 'KG163', 'SK165', 'SP11110007', 'FAN BLADE TYPE "B" ST100', '', 20000.00, '1'),
('33311-87312', 'MDD-01', 'MR005', 'KG047', 'SK047', 'SP11110001', 'MAIN DRIVE GEAR V22', '', 226000.00, '1'),
('33324-87601', 'FTD-01', 'MR005', 'KG181', 'SK183', 'SP11110001', 'FLANGE TRANSMISION REAR F50/V22', '', 70000.00, '1'),
('33324-87601A', 'FTD-02', 'MR005', 'KG051', 'SK051', 'SP11110001', 'FLANGE TRANSMISION F70', '', 60000.00, '1'),
('33700-77310', 'CPS-01', 'MR003', 'KG008', 'SK009', 'SP11110001', 'KABEL BUSI/CORD PLUG MERK SUMITOMO/YAZAKI CARRY', '', 85800.00, '1'),
('33700-77500', 'CPS-02', 'MR003', 'KG007', 'SK008', 'SP11110001', 'KABEL BUSI/COD PLUG MERK SUMITOMO/YAZAKI FUTURA', '', 85800.00, '1'),
('33700-80C00', 'CPS-05', 'MR003', 'KG093', 'SK094', 'SP11110001', 'KABEL BUSI/CORD PLUG MERK SUMITOMO/YAZAKI KATANA', '', 85800.00, '1'),
('33721-73100', 'SBKS-02', 'MR003', 'KG163', 'SK165', 'SP11110007', 'STABIL BAR KIT ASSY SILICON ST100', '', 23500.00, '1'),
('33721-77500', 'SBKS-01', 'MR003', 'KG007', 'SK008', 'SP11110007', 'STABIL BAR KIT ASSY SILICON FUTURA', '', 20500.00, '1'),
('36710-77310', 'FBS-01', 'MR003', 'KG065', 'SK065', 'SP11110001', 'FUSES BOX G-BOX CARRY EXTRA', 'SS', 25000.00, '1'),
('37110-0W060', 'PSOT-02', 'MR001', 'KG062', 'SK062', 'SP11110001', 'PROPELER SHAFT ONLY (REAR) HT125', '', 600000.00, '1'),
('37110-36010', 'SST-02', 'MR001', 'KG009', 'SK010', 'SP11110001', 'SPLINE SHAFT HT125 REAR', '', 140000.00, '3'),
('37110-87308', 'SSD-02', 'MR005', 'KG181', 'SK183', 'SP11110001', 'SPLINE SHAFT (REAR) F50/V22', '', 105000.00, '1'),
('37115-95274', 'SSN-01', 'MR008', 'KG061', 'SK061', 'SP11110001', 'SPLINE SHAFT CK12', '', 250000.00, '1'),
('37117-90015', 'FJN-01', 'MR008', 'KG061', 'SK061', 'SP11110001', 'FLANGE JOINT NISSAN FRONT CK12', 'PAL', 250000.00, '1'),
('37117-90064', 'FJN-02', 'MR008', 'KG061', 'SK061', 'SP11110001', 'FLANGE JOINT REAR CK12', 'PAL', 300000.00, '1'),
('37120-0W070', 'PSOT-01', 'MR001', 'KG062', 'SK062', 'SP11110001', 'PROPELER SHAFT ONLY FRT HT125', '', 550000.00, '1'),
('37120-36010', 'SST-01', 'MR001', 'KG062', 'SK062', 'SP11110001', 'SPLINE SHAFT (FRONT) HT 125', '', 90000.00, '1'),
('37120-8140', 'PSOH-01', 'MR011', 'KG155', 'SK157', 'SP11110001', 'PROPELER SHAFT ONLY HINO', '', 1256000.00, '1'),
('37140-87609', 'SSD-01', 'MR005', 'KG051', 'SK051', 'SP11110001', 'SPLINE SHAFT (FRONT) F70', '', 350000.00, '1'),
('37140-87620', 'SSD-03', 'MR005', 'KG249', 'SK250', 'SP11110001', 'SPLINE SHAFT (FRONT) F85', '', 380000.00, '1'),
('37230-26020', 'CBT-01', 'MR001', 'KG207', 'SK209', 'SP11110007', 'CENTER BEARING KF 60', '', 98800.00, '3'),
('37304-2530', 'FPIH-01', 'MR011', 'KG155', 'SK157', 'SP11110001', 'FLANGE PINION MEREK NSM HINO', 'PAL', 270000.00, '1'),
('37304-36030', 'FPST-01', 'MR001', 'KG113', 'SK115', 'SP11110001', 'FLANGE PROP SHAFT RINO', '', 80000.00, '1'),
('37304-37020', 'FPST-02', 'MR001', 'KG062', 'SK062', 'SP11110001', 'FLANGE PROP SHAFT HT125', '', 117000.00, '1'),
('37313-1230', 'SSH-01', 'MR011', 'KG191', 'SK193', 'SP11110001', 'SPLINE SHAFT (REAR) HINO JUMBO', '', 630000.00, '1'),
('37315-1041', 'FJH-01', 'MR011', 'KG155', 'SK157', 'SP11110001', 'FLANGE JOINT MEREK NSM HINO', 'PAL', 255000.00, '1'),
('37315-20020', 'FJT-01', 'MR001', 'KG171', 'SK173', 'SP11110001', 'FLANGE JOINT KF10/20', 'PAL', 55000.00, '1'),
('37315-36020', 'FJT-02', 'MR001', 'KG113', 'SK115', 'SP11110001', 'FLANGE JOINT RINO', 'PAL', 70000.00, '1'),
('37315-37021', 'FJT-03', 'MR001', 'KG062', 'SK062', 'SP11110001', 'FLANGE JOINT REAR HT 125', 'PAL', 100000.00, '1'),
('37315-37031', 'FJT-04', 'MR001', 'KG062', 'SK062', 'SP11110001', 'FLANGE JOINT FRONT HT 125', 'PAL', 105000.00, '1'),
('37400-77510', 'STSS-02', 'MR003', 'KG196', 'SK198', 'SP11110002', 'SWITCH TURN SIGNAL MEREK CARMATCH FUTURA NEW', '', 132900.00, '1'),
('37400-78521', 'STSS-04', 'MR003', 'KG054', 'SK054', 'SP11110002', 'SWITCH TURN SIGNAL MERK CARMATCH EXTRA', '', 139000.00, '1'),
('37400-79521', 'STSS-01', 'MR003', 'KG163', 'SK165', 'SP11110002', 'SWICH TURN SIGNAL ST100', '', 114000.00, '1'),
('37400-80022', 'STSS-03', 'MR003', 'KG093', 'SK094', 'SP11110002', 'SWITCH TURN SIGNAL KATANA', '', 114000.00, '1'),
('38210-90965', 'FPIN-01', 'MR008', 'KG061', 'SK061', 'SP11110001', 'FLANGE PINION CK12', 'PAL', 300000.00, '1'),
('38427-90004', 'SDN-01', 'MR008', 'KG061', 'SK061', 'SP11110001', 'SPIDER PINION FORGING CK12', '', 236000.00, '1'),
('4010A015', 'BJM-08', 'MR004', 'KG021', 'SK022', 'SP11110006', 'BALL JOINT ATAS TRITON', '', 125500.00, '3'),
('40110-01G26', 'BJN-01', 'MR008', 'KG031', 'SK032', 'SP11110005', 'BALL JOINT TERANO ATAS', '', 140000.00, '3'),
('4013A090', 'BJM-09', 'MR004', 'KG021', 'SK022', 'SP11110005', 'BALL JOINT TRITON BWH', '', 163500.00, '3'),
('40160-50W25', 'BJN-02', 'MR008', 'KG031', 'SK032', 'SP11110005', 'BALL JOINT TERANO BAWAH', '', 178750.00, '3'),
('41122-90107', 'BAN-02', 'MR002', 'KG061', 'SK061', 'SP11110001', 'BRAKE ADJUSTER (LH) FR CK12', '', 85000.00, '1'),
('41122-90108', 'BAN-01', 'MR002', 'KG061', 'SK061', 'SP11110001', 'BRAKE ADJUSTER (RH) FR CK12', '', 85000.00, '1'),
('41122-90266', 'BAN-03', 'MR002', 'KG061', 'SK061', 'SP11110001', 'BRAKE ADJUSTER (RH) RR CK12', '', 85000.00, '1'),
('41122-90267', 'BAN-04', 'MR002', 'KG061', 'SK061', 'SP11110001', 'BRAKE ADJUSTER (LH) RR CK12', '', 85000.00, '1'),
('41201-39395', 'CWT-02', 'MR001', 'KG125', 'SK127', 'SP11110002', 'CROWN WHEEL 6X41 RINO 115/14B', '', 1205000.00, '1'),
('41201-80187', 'CWT-04', 'MR001', 'KG126', 'SK128', 'SP11110001', 'CROWN WHEEL 6X35, 16 LUBANG LT125', '', 1562000.00, '1'),
('41201-80209', 'CWT-03', 'MR001', 'KG062', 'SK062', 'SP11110002', 'CROWN WHEEL 7X45 HT125', '', 2059000.00, '1'),
('41201-87613', 'CWD-02', 'MR005', 'KG128', 'SK130', 'SP11110002', 'CROWN WHEEL 11X39 TAFT F55', '', 860000.00, '1'),
('41201-87615', 'CWD-01', 'MR005', 'KG127', 'SK129', 'SP11110002', 'CROWN WHEEL 11X37 TAFT F70', '', 781000.00, '1'),
('41204-20030', 'FPIT-04', 'MR001', 'KG177', 'SK179', 'SP11110001', 'FLANGE PINION KIJANG KF20', 'PAL', 70000.00, '1'),
('41204-26011', 'FPIT-02', 'MR001', 'KG176', 'SK178', 'SP11110001', 'FLANGE PINION 12R', 'PAL', 70000.00, '1'),
('41204-35020', 'FPIT-01', 'MR001', 'KG175', 'SK177', 'SP11110001', 'FLANGE PINION 1F', 'PAL', 70000.00, '1'),
('41204-3606', 'FPIT-05', 'MR001', 'KG113', 'SK115', 'SP11110001', 'FLANGE PINION RINO', 'PAL', 90000.00, '1'),
('41204-37060', 'FPIT-06', 'MR001', 'KG062', 'SK062', 'SP11110001', 'FLANGE PINION HT125', 'PAL', 125000.00, '1'),
('41204-39495', 'CWT-01', 'MR001', 'KG125', 'SK127', 'SP11110002', 'CROWN WHEEL 6X39 RINO 115/14B', '', 1179750.00, '1'),
('41204-60010', 'FPIT-03', 'MR001', 'KG046', 'SK046', 'SP11110001', 'FLANGE PINION 2F', 'PAL', 70000.00, '1'),
('41204-77390', 'FPIT-07', 'MR001', 'KG011', 'SK012', 'SP11110001', 'FLANGE PINION G-BOX 7K', 'PAL', 70000.00, '1'),
('41204-87606', 'FPID-01', 'MR005', 'KG051', 'SK051', 'SP11110001', 'FLANGE PINION F70', 'PAL', 90000.00, '1'),
('41331-30021', 'GPT-14', 'MR001', 'KG045', 'SK045', 'SP11110001', 'GEAR DIFF SET SIDE GEAR KIJANG', '', 55600.00, '1'),
('41341-30011', 'GPT-15', 'MR001', 'KG045', 'SK045', 'SP11110001', 'GEAR DIFF SET PINION GEAR KIJANG', '', 37500.00, '1'),
('41342-87506', 'PSD-02', 'MR005', 'KG049', 'SK049', 'SP11110001', 'PINION SHAFT S88', '', 22500.00, '1'),
('41342-87617', 'PSD-01', 'MR005', 'KG051', 'SK051', 'SP11110001', 'PINION SHAFT F70', '', 32000.00, '1'),
('41351-38031', 'GPT-05', 'MR001', 'KG185', 'SK187', 'SP11120003', 'GEAR DIFF SET 2 BESAR, 4 KECIL + SPIDER "A" DYNA 125 HT', '', 1000000.00, '1'),
('41351-38031A', 'GPT-06', 'MR001', 'KG185', 'SK187', 'SP11120003', 'GEAR DIFF SET 2 BESAR, 4 KECIL TYPE "A" DYNA 125HT', '', 786500.00, '1'),
('41351-38031B', 'GPT-07', 'MR001', 'KG185', 'SK187', 'SP11110002', 'GEAR DIFF SET 2 BESAR, 4 KECIL + SPIDER KETOK LAMBANG TOYOTA DYNA 125HT', '', 825000.00, '1'),
('41351-38042', 'GPT-09', 'MR001', 'KG186', 'SK188', 'SP11120003', 'GEAR SET DIFF 2BESAR, 4 KECIL + SPIDER "A DYNA 125LT', '', 943000.00, '1'),
('41351-38042A', 'GPT-10', 'MR001', 'KG186', 'SK188', 'SP11120003', 'GEAR SET DIFF 2 BESAR, 4 KECIL TYPE "A" DYNA 125LT', '', 786500.00, '1'),
('41351-38042B', 'GPT-11', 'MR001', 'KG186', 'SK188', 'SP11110002', 'GEAR SET DIFF 2 BESAR, 4 KECIL + SPIDER KETOK LAMBANG TOYOTA DYNA 125LT', '', 659000.00, '1'),
('41351-38042C', 'GPT-12', 'MR001', 'KG186', 'SK188', 'SP11110002', 'GEAR DIFF SET 2 BESAR, 4KECIL KETOK LAMBANG TOYOTA DYNA 125 LT', '', 557000.00, '1'),
('41351-53020', 'GPT-13', 'MR001', 'KG187', 'SK189', 'SP11110001', 'GEAR DIFF SET 2 BESAR 4 KECIL 2F/HARTOP', '', 357500.00, '1'),
('41352-36041', 'GPT-01', 'MR001', 'KG010', 'SK011', 'SP11120003', 'GEAR DIFF SET 2 BESAR, 4 KECIL + SPIDER "A" RINO 115', '', 700700.00, '1'),
('41352-36041A', 'GPT-02', 'MR001', 'KG010', 'SK011', 'SP11120003', 'GEAR DIFF SET 2 BESAR, 4 KECIL TYPE "A" RINO 115', '', 550550.00, '1'),
('41352-36041B', 'GPT-03', 'MR001', 'KG010', 'SK011', 'SP11110002', 'GEAR DIFF SET 2 BESAR, 4 KECIL + SPIDER KETOK LAMBANG TOYOTA RINO 115', '', 591000.00, '1'),
('41352-36041C', 'GPT-04', 'MR001', 'KG010', 'SK011', 'SP11110002', 'GEAR SET DIFF 2 BESAR, 4 KECIL TYPE KETOK LAMBANG TOYOTA RINO 115', '', 477000.00, '1'),
('41371-1080', 'SDH-01', 'MR011', 'KG155', 'SK157', 'SP11110001', 'SPIDER PINION FORGING HINO', '', 236000.00, '1'),
('41371-36020', 'SDT-01', 'MR001', 'KG010', 'SK011', 'SP11120003', 'SPIDER PINION FORGING TYPE "A" RINO 115', '', 164000.00, '1'),
('41371-36020A', 'SDT-02', 'MR001', 'KG010', 'SK011', 'SP11110002', 'SPIDER PINION FORGING TYPE "B" RINO 115', '', 121500.00, '1'),
('41371-37010', 'SDT-03', 'MR001', 'KG185', 'SK187', 'SP11120003', 'SPIDER PINION FORGING TYPE "A" DYNA 125 HT', '', 235000.00, '1'),
('41371-37010A', 'SDT-04', 'MR001', 'KG185', 'SK187', 'SP11110002', 'SPIDER PINION FORGING TYPE "B" DYNA 125 HT', '', 150000.00, '1'),
('41371-87301', 'SDD-01', 'MR005', 'KG047', 'SK047', 'SP11110001', 'SPIDER PINION FORGING V22', '', 165000.00, '1'),
('41371-87302', 'SDD-02', 'MR005', 'KG051', 'SK051', 'SP11110001', 'SPIDER PINION F70', '', 85600.00, '1'),
('42210-775MOA', 'ARS-01', 'MR003', 'KG007', 'SK008', 'SP11110003', 'AS RODA/SHAFT REAR AXLE FUTURA "A"', '', 393250.00, '3'),
('42311-36080A', 'ART-04', 'MR001', 'KG010', 'SK011', 'SP11110004', 'AS RODA/SHAFT REAR AXLE RINO 115 "A"', '', 564000.00, '3'),
('42311-36080B', 'ART-02', 'MR001', 'KG010', 'SK011', 'SP11110001', 'AS RODA/SHAFT REAR AXLE RINO 115 "B"', '', 500000.00, '3'),
('42311-37120A', 'ART-03', 'MR001', 'KG009', 'SK010', 'SP11110004', 'AS RODA/SHAFT REAR AXLE DYNA 125 "A"', '', 622000.00, '3'),
('42311-37120B', 'ART-01', 'MR001', 'KG009', 'SK010', 'SP11110001', 'AS RODA/SHAFT REAR AXLE DYNA 125 "B"', '', 536000.00, '3'),
('42311-87517', 'ARD-03', 'MR005', 'KG013', 'SK014', 'SP11110003', 'AS RODA/SHAFT REAR AXLE S88/S89', '', 314000.00, '3'),
('42311-87607', 'ARD-02', 'MR005', 'KG012', 'SK013', 'SP11110001', 'AS RODA/ SHAFT REAR AXLE PDK SURI 30 TAFT', '', 497000.00, '3'),
('42311-87698', 'ARD-05', 'MR005', 'KG012', 'SK013', 'SP11110001', 'AS RODA/SHAFT REAR AXLE PDK SURI 29 TAFT', '', 497000.00, '3'),
('42311-87699', 'ARD-04', 'MR005', 'KG012', 'SK013', 'SP11110001', 'AS RODA/SHAFT REAR AXLE PJG SURI 29 TAFT', '', 497000.00, '3'),
('42311-OB010', 'ART-05', 'MR001', 'KG011', 'SK012', 'SP11110003', 'AS RODA/SHAFT REAR AXLE', '', 500500.00, '3'),
('42312-87607', 'ARD-01', 'MR005', 'KG012', 'SK013', 'SP11110001', 'AS RODA/SHAFT REAR AXLE PJG SURI 30 TAFT', '', 497000.00, '3'),
('42465-36056', 'HET-01', 'MR001', 'KG010', 'SK011', 'SP11110001', 'HOUSING END RINO 115', '', 464750.00, '1'),
('43310-09015', 'BJT-09', 'MR001', 'KG015', 'SK016', 'SP11110005', 'BALL JOINT INNOVA ATAS KEMASAN PLASTIK', '', 71000.00, '3'),
('43310-09015A', 'BJT-10', 'MR001', 'KG015', 'SK016', 'SP11110005', 'BALL JOINT INNOVA ATAS KEMASAN DUS', '', 77500.00, '3'),
('43310-29015', 'BJT-05', 'MR001', 'KG001', 'SK001', 'SP11110005', 'BALL JOINT 4K ATAS KEMASAN PLASTIK', '', 60000.00, '3'),
('43310-29015A', 'BJT-06', 'MR001', 'KG001', 'SK001', 'SP11110005', 'BALL JOINT 4K ATAS KEMASAN DUS', '', 64000.00, '1'),
('43330-09295', 'BJT-11', 'MR001', 'KG015', 'SK016', 'SP11110005', 'BALL JOINT INNOVA BWH KEMASAN PLASTIK', '', 83000.00, '3'),
('43330-09295A', 'BJT-12', 'MR001', 'KG015', 'SK016', 'SP11110005', 'BALL JOINT INNOVA BWH KEMASAN DUS', '', 88500.00, '3'),
('43330-29035', 'BJT-07', 'MR001', 'KG011', 'SK012', 'SP11110005', 'BALL JOINT 4K BWH KEMASAN PLASTIK', '', 70000.00, '3'),
('43330-29035A', 'BJT-08', 'MR001', 'KG001', 'SK001', 'SP11110005', 'BALL JOINT 4K BWH KEMASAN DUS', '', 77500.00, '3'),
('43330-29175', 'BJT-03', 'MR001', 'KG014', 'SK015', 'SP11110005', 'BALL JOINT KIJANG BWH KEMASAN PLASTIK', '', 103000.00, '3'),
('43330-29175A', 'BJT-04', 'MR001', 'KG014', 'SK015', 'SP11110005', 'BALL JOINT KIJANG BWH KEMASAN DUS', '', 107500.00, '3'),
('43360-29056', 'BJT-01', 'MR001', 'KG014', 'SK015', 'SP11110005', 'BALL JOINT ATAS KIJANG KEMASAN PLASTIK', '', 63500.00, '3'),
('43360-29056A', 'BJT-02', 'MR001', 'KG014', 'SK015', 'SP11110005', 'BALL JOINT KIJANG ATAS KEMASAN DUS', '', 70000.00, '3'),
('43401-BZ010', 'WHD-01', 'MR005', 'KG023', 'SK024', 'SP11110005', 'WHEEL HUB/NAP RODA DUS COKLAT FORGING PUTIH "TW"  GRAND MAX', '', 215000.00, '1'),
('43421-60K10', 'WHS-03', 'MR003', 'KG098', 'SK099', 'SP11110005', 'WHEEL HUB/NAP RODA DUS COKLAT G-BOX FORGING PUTIH "TW" APV', '', 174000.00, '1'),
('43421-77310', 'WHS-02', 'MR003', 'KG163', 'SK165', 'SP11110005', 'WHEEL HUB/NAP RODA DUS COKLAT G-BOX FORGING PUTIH "TW" ST100', '', 171000.00, '1'),
('43421-77500', 'WHS-01', 'MR003', 'KG007', 'SK008', 'SP11110005', 'WHEEL HUB/NAP RODA DUS COKLAT G-BOX FORGING PUTIH "TW" FUTURA', '', 171000.00, '1'),
('43465-0BL01', 'HET-02', 'MR001', 'KG185', 'SK187', 'SP11110001', 'HOUSING END LABEL TOYOTA RH DYNA 125 HT', '', 627000.00, '1'),
('43468-0BL01', 'HET-03', 'MR001', 'KG185', 'SK187', 'SP11110001', 'HOUSING END LABEL TOYOTA LH DYNA 125HT', '', 627000.00, '1'),
('43478-89432', 'HET-04', 'MR001', 'KG186', 'SK188', 'SP11110001', 'HOUSING END LABEL TOYOTA RH DYNA 125 LT', '', 627000.00, '1'),
('43478-89433', 'HET-05', 'MR001', 'KG186', 'SK188', 'SP11110001', 'HOUSING END LABEL TOYOTA LH DYNA 125 LT', '', 627000.00, '1'),
('43502-20010', 'WHT-01', 'MR001', 'KG160', 'SK162', 'SP11110005', 'WHEEL HUB/NAP RODA DUS COKLAT G-BOX FORGING PUTIH "TW" KIJANG KF 40(BULAT)', '', 211000.00, '1'),
('43502-BZ020', 'WHT-02', 'MR001', 'KG016', 'SK017', 'SP11110005', 'WHEEL HUB/NAP RODA DUS COKLAT G-BOX FORGING PUTIH "TW" AVANZA', '', 222000.00, '1'),
('43502-OB010', 'WHT-03', 'MR001', 'KG289', 'SK290', 'SP11110005', 'WHEEL HUB/NAP RODA DUS COKLAT G-BOX FORGING PUTIH "TW" KIJANG KF 70', '', 247000.00, '1'),
('43502-OK090', 'WHT-04', 'MR001', 'KG015', 'SK016', 'SP11110005', 'WHEEL HUB/NAP RODA DUS COKLAT G-BOX FORGING PUTIH "TW" INNOVA', '', 201000.00, '1'),
('440600-SJK-J00', 'WHH-04', 'MR007', 'KG295', 'SK296', 'SP11110005', 'WHEEL HUB/NAP RODA TYPE "A" TAIWAN CRV 07-08', '', 189000.00, '1'),
('4410A173', 'REM-01', 'MR004', 'KG021', 'SK022', 'SP11110006', 'RACK END TRITON', '', 112000.00, '1'),
('44210-77300', 'ARS-03', 'MR003', 'KG008', 'SK009', 'SP11110003', 'AS RODA/SHAFT REAR AXLE CARRY', '', 314000.00, '3'),
('44210-775MOB', 'ARS-02', 'MR003', 'KG007', 'SK008', 'SP11110003', 'AS RODA/SHAFT REAR AXLE FUTURA "B"', '', 314000.00, '3'),
('4422A010/4422A000', 'TRM-10', 'MR004', 'KG021', 'SK022', 'SP11110005', 'TIE ROD END TRITON', '', 269000.00, '1'),
('44250-OB010', 'SGAT-02', 'MR001', 'KG011', 'SK012', 'SP11110001', 'STEERING GEAR ASSY/RACK STEER 7K', '', 650000.00, '1'),
('44390-77310', 'ICS-02', 'MR003', 'KG065', 'SK065', 'SP11110005', 'IC REGULATOR TYPE "A" CARRY EXTRA', '', 162000.00, '1'),
('44390-77500', 'ICS-01', 'MR003', 'KG007', 'SK008', 'SP11110005', 'IC REGULATOR TYPE "A" FUTURA', '', 155000.00, '1'),
('44410-38010', 'PSHT-01', 'MR001', 'KG241', 'SK242', 'SP11110001', 'POWER STEERING HOSE 5K/GRAND', '', 147300.00, '1'),
('44410-38060', 'PSHT-02', 'MR001', 'KG111', 'SK112', 'SP11110001', 'POWER STEERING HOSE 7K DIESEL', '', 107000.00, '1'),
('44410-38070', 'PSHT-03', 'MR001', 'KG011', 'SK012', 'SP11110001', 'POWER STEERING HOSE 7K', '', 95000.00, '1'),
('44411-87606', 'PSHD-02', 'MR005', 'KG051', 'SK051', 'SP11110001', 'POWER STEERING HOSE SHORT F70', '', 71000.00, '1'),
('44411-87607', 'PSHD-04', 'MR005', 'KG051', 'SK051', 'SP11110001', 'POWER STEERING LONG F70', '', 74000.00, '1'),
('44600-SEL-000', 'WHH-03', 'MR007', 'KG294', 'SK295', 'SP11110005', 'WHEEL HUB/NAP RODA TYPE "A" TAIWAN JAZZ 04-07', '', 182000.00, '1'),
('4461-SEO-464', 'WHH-01', 'MR007', 'KG292', 'SK293', 'SP11110005', 'WHEEL HUB/NAP RODA TYPE "A" TAIWAN ACCORD', '', 98000.00, '1'),
('44810-SAD-010', 'WHH-02', 'MR007', 'KG293', 'SK294', 'SP11110005', 'WHEEL HUB/NAP RODA TYPE "A" TAIWAN CIVIC', '', 112000.00, '1'),
('44910-62381', 'ICT-01', 'MR001', 'KG199', 'SK201', 'SP11110005', 'IC REGULATOR TYPE "A" HT125/DUTRO', '', 156000.00, '1'),
('44910-87341', 'ICT-02', 'MR001', 'KG113', 'SK115', 'SP11110005', 'IC REGULATOR TYPE "A" RINO', '', 168000.00, '1'),
('44910-YD010', 'ICT-03', 'MR001', 'KG011', 'SK012', 'SP11110005', 'IC REGULATOR TYPE "A" 7K', '', 161000.00, '1'),
('45040-69040X', 'TRT-11', 'MR001', 'KG272', 'SK274', 'SP11110005', 'TIE ROD END (5PC) TYPE "A" HARTOP/2F', '', 280000.00, '1'),
('45040-69040XB', 'TRT-12', 'MR001', 'KG272', 'SK274', 'SP11110005', 'TIE ROD END (5PC) TYPE "B" HARTOP/2F', '', 223000.00, '1'),
('45040-69090X', 'TRT-16', 'MR001', 'KG276', 'SK278', 'SP11110005', 'TIE ROD END LANDCRUISER HDJ80', '', 560000.00, '1'),
('45046-06110', 'TRT-09', 'MR001', 'KG270', 'SK272', 'SP11110005', 'TIE ROD END "TW" DYNA 125/HINO DUTRO', '', 143000.00, '1'),
('45046-09261', 'TRT-03', 'MR001', 'KG015', 'SK016', 'SP11110005', 'TIE ROD END "TW" INNOVA', '', 121500.00, '1'),
('45046-29075', 'TRT-05', 'MR001', 'KG001', 'SK001', 'SP11110005', 'TIE ROD END DRAT LUAR "TW" 4K', '', 95000.00, '1'),
('45046-29155', 'TRT-02', 'MR001', 'KG014', 'SK015', 'SP11110005', 'TIE ROD END PANJANG "TW" 5K/7K', '', 136000.00, '1'),
('45046-29186', 'TRT-01', 'MR001', 'KG269', 'SK270', 'SP11110005', 'TIE ROD END DRAT DALAM PENDEK "TW" 5K/7K/GRAND', '', 100100.00, '1'),
('45046-29225', 'TRT-08', 'MR001', 'KG125', 'SK127', 'SP11110005', 'TIE ROD END "TW" RINO 115 (14B)', '', 135850.00, '1'),
('45046-87510', 'TRD-03', 'MR005', 'KG278', 'SK280', 'SP11110005', 'TIE ROD END (SET) S92', '', 135700.00, '1'),
('45046-87680', 'TRD-05', 'MR005', 'KG051', 'SK051', 'SP11110005', 'TIE ROD END TYPE "B" F70', '', 190000.00, '1'),
('45046-87784', 'TRD-02', 'MR005', 'KG075', 'SK076', 'SP11110005', 'TIE ROD END (SET) "TW" S91', '', 128700.00, '1'),
('45046-BZ010', 'TRT-10', 'MR001', 'KG271', 'SK273', 'SP11110005', 'TIE ROD END "TW" AVANZA/XENIA', '', 100100.00, '1'),
('45046-BZ060', 'TRT-13', 'MR001', 'KG273', 'SK275', 'SP11110005', 'TIE ROD END RUSH', '', 158000.00, '1'),
('45046-BZ090', 'TRD-01', 'MR005', 'KG023', 'SK024', 'SP11110005', 'TIE ROD END "TW" GRAND MAX', '', 125000.00, '1'),
('45046/47-09120', 'TRT-14', 'MR001', 'KG274', 'SK276', 'SP11110005', 'TIE ROD END VIOS', '', 127800.00, '1'),
('45046/47-09530', 'TRD-15', 'MR001', 'KG275', 'SK277', 'SP11110005', 'TIE ROD END VIOS NEW', '', 127800.00, '1'),
('45046/47-39065', 'TRT-17', 'MR001', 'KG277', 'SK279', 'SP11110005', 'TIE ROD END BU30', '', 129000.00, '1'),
('45046/47-87680/85', 'TRD-04', 'MR005', 'KG051', 'SK051', 'SP11110005', 'TIE ROD END (SET)TYPE "A" F70', '', 224500.00, '1'),
('45046/7-87303', 'TRD-06', 'MR005', 'KG115', 'SK117', 'SP11110005', 'TIE ROD END DELTA/V22', '', 126000.00, '1'),
('45200-75F20', 'LWS-04', 'MR003', 'KG214', 'SK216', 'SP11110001', 'LOWER ARM KARIMUN', '', 185900.00, '3'),
('45200-77500', 'LWS-02', 'MR003', 'KG007', 'SK008', 'SP11120001', 'LOWER ARM SGP "A" FUTURA', '', 121800.00, '3'),
('45200-77500A', 'LWS-03', 'MR003', 'KG007', 'SK008', 'SP11110001', 'LOWER ARM SGP "B" FUTURA', '', 95000.00, '1'),
('45200-79001', 'LWS-01', 'MR003', 'KG054', 'SK054', 'SP11120001', 'LOWER ARM SGP "A" EXTRA', '', 92950.00, '3'),
('45201-63G01', 'LWS-05', 'MR003', 'KG215', 'SK217', 'SP11110001', 'LOWER ARM "LH" BALENO', '', 293000.00, '3'),
('45202-27900', 'SJAT-01', 'MR001', 'KG251', 'SK252', 'SP11110001', 'STEERING JOINT ASSY 5K 85-86', '', 165000.00, '1'),
('45202-27901', 'SJAT-02', 'MR001', 'KG252', 'SK253', 'SP11110001', 'STEERING JOINT ASSY 5K 87-91', '', 165000.00, '1'),
('45202-63G01', 'LWS-06', 'MR003', 'KG215', 'SK217', 'SP11110001', 'LOWER ARM "RH" BALENO', '', 293000.00, '3'),
('45216-SEL-T01', 'PCH-01', 'MR007', 'KG029', 'SK028', 'SP11110005', 'PISTON CALIPER JAZZ', '', 53000.00, '1'),
('45216-TA0-A01', 'PCH-02', 'MR007', 'KG240', 'SK241', 'SP11110005', 'PISTON CALIPER CRV 03-06', '', 67500.00, '1'),
('45230-36010', 'CAST-01', 'MR001', 'KG046', 'SK046', 'SP11110001', 'COUPLING ASSY 2F', '', 88000.00, '1'),
('45230-87302', 'SJAD-02', 'MR005', 'KG047', 'SK047', 'SP11110001', 'STEERING JOINT ASSY V22', '', 154000.00, '1'),
('45230-87309', 'SJAD-03', 'MR005', 'KG077', 'SK078', 'SP11110001', 'STEERING JOINT ASSY V83', '', 132000.00, '1'),
('45240-27010', 'SWT-01', 'MR001', 'KG001', 'SK001', 'SP11110001', 'STEERING WORM 4K', '', 211000.00, '1'),
('45240-27040', 'SWT-02', 'MR001', 'KG038', 'SK037', 'SP11110001', 'STEERING WORM 5K', '', 211000.00, '1'),
('45390-87501', 'SJAD-01', 'MR005', 'KG250', 'SK251', 'SP11110001', 'STEERING JOINT ASSY S91/ESPASS', '', 165000.00, '1'),
('45401-29115', 'PAT-01', 'MR001', 'KG038', 'SK037', 'SP11110005', 'PITMAN ARM TYPE "A" TW 5K', '', 94000.00, '1'),
('45401-29115A', 'PAT-02', 'MR001', 'KG001', 'SK001', 'SP11110005', 'PITMAN ARM TYPE "A" TW 4K', '', 94000.00, '1'),
('45406-29055', 'TRT-07', 'MR001', 'KG001', 'SK001', 'SP11110005', 'TIE ROD END PANJANG "TW" 4K', '', 136000.00, '1'),
('45424-60030', 'CAT-01', 'MR001', 'KG046', 'SK046', 'SP11110001', 'CENTER ARM HOUSING 2F', '', 140000.00, '1'),
('45440-3911', 'DRH-01', 'MR011', 'KG155', 'SK157', 'SP11110001', 'DRAG LINK ASSY POLOS HINO', '', 412000.00, '1'),
('45440-39295', 'DRT-01', 'MR001', 'KG010', 'SK011', 'SP11110001', 'DRAG LINK ASSY RINO 115', '', 180000.00, '1'),
('45440-39295A', 'DRT-02', 'MR001', 'KG010', 'SK011', 'SP11110005', 'DRAG LINK ASSY "A" RINO 115', '', 270000.00, '1'),
('45440-39315', 'DRT-03', 'MR001', 'KG009', 'SK010', 'SP11110005', 'DRAG LINK ASSY "A" DYNA 125', '', 270000.00, '1'),
('45440-39315A', 'DRT-04', 'MR001', 'KG009', 'SK010', 'SP11110001', 'DRAG LINK ASSY DYNA 125', '', 235000.00, '1'),
('45450-87680', 'DRD-01', 'MR005', 'KG076', 'SK077', 'SP11110001', 'DRAG LINK ASSY F50', '', 171600.00, '1'),
('45450-87682', 'DRD-02', 'MR005', 'KG154', 'SK156', 'SP11110001', 'DRAG LINK ASSY F70/TAFF GT', '', 171600.00, '1'),
('45450-87682A', 'DRD-03', 'MR005', 'KG154', 'SK156', 'SP11110005', 'DRAG LINK ASSY "A" F70/TAFT GT', '', 252500.00, '1'),
('45461-0W010', 'PATT-01', 'MR001', 'KG224', 'SK225', 'SP11110007', 'PIPA TIE ROD RINO HT', '', 156000.00, '1'),
('45461-87609', 'PATD-01', 'MR005', 'KG051', 'SK051', 'SP11110007', 'PIPA T/ROD F70', '', 123500.00, '1'),
('45490-29485', 'IAT-01', 'MR001', 'KG038', 'SK037', 'SP11110005', 'IDLE ARM TYPE "A" 5K', '', 197000.00, '1'),
('45502-87512', 'SGAD-02', 'MR005', 'KG048', 'SK048', 'SP11110001', 'STEERING GEAR ASSY/RACK STEER S75', '', 250000.00, '1'),
('45502-87514', 'SGAD-01', 'MR005', 'KG049', 'SK049', 'SP11110001', 'STEERING GEAR/RACK STEER S88', '', 250000.00, '1'),
('45503-09330', 'RET-07', 'MR001', 'KG015', 'SK016', 'SP11110001', 'RACK END "TW" INNOVA', '', 119500.00, '1'),
('45503-0B010', 'RET-03', 'MR001', 'KG011', 'SK012', 'SP11110001', 'RACK END 7K', '', 57500.00, '1'),
('45503-0B010A', 'RET-04', 'MR001', 'KG011', 'SK012', 'SP11110006', 'RACK END ORISINIL 7K', '', 105000.00, '1'),
('45503-59035', 'RET-01', 'MR001', 'KG038', 'SK037', 'SP11110001', 'RACK END PUTIH "B" 5K', '', 57500.00, '1'),
('45503-59035A', 'RET-02', 'MR001', 'KG038', 'SK037', 'SP11110006', 'RACK END "TW" 5K', '', 105000.00, '1'),
('45503-BZ010', 'RET-05', 'MR001', 'KG016', 'SK017', 'SP11110001', 'RACK END "B" AVANZA', '', 64000.00, '1'),
('45503-BZ010A', 'RET-06', 'MR001', 'KG016', 'SK017', 'SP11110006', 'RACK END "A" AVANZA', '', 105000.00, '1'),
('45503-BZ090', 'RED-01', 'MR005', 'KG023', 'SK024', 'SP11110006', 'RACK END GRAND MAX', '', 105000.00, '1'),
('45509-27030', 'SPT-01', 'MR001', 'KG038', 'SK037', 'SP11110001', 'STEERING PINION 5K', '', 72000.00, '1'),
('45509-OB010', 'SPT-02', 'MR001', 'KG011', 'SK012', 'SP11110001', 'STEERING PINION 7K', '', 77000.00, '1'),
('45510-27030', 'SGAT-01', 'MR001', 'KG241', 'SK242', 'SP11110001', 'STEERING GEAR ASSY/RACK STEER 5K/GRAND', '', 415000.00, '1'),
('45540-87506', 'SPD-01', 'MR005', 'KG049', 'SK049', 'SP11110001', 'STEERING PINION S88', '', 57500.00, '1'),
('45540-87508', 'SPD-02', 'MR005', 'KG050', 'SK050', 'SP11110001', 'STEERING PINION S89', '', 57500.00, '1'),
('45700-60A00', 'BJS-01', 'MR003', 'KG024', 'SK025', 'SP11110005', 'BALL JOINT VITARA', '', 135000.00, '3'),
('4605A284', 'BPM-06', 'MR004', 'KG021', 'SK022', 'SP11110007', 'BRAKE PAD TRITON', '', 150000.00, '3'),
('47201-25060', 'BMT-01', 'MR001', 'KG010', 'SK011', 'SP11110001', 'BRAKE MASTER ASSY BESI G-BOX RINO 115', '', 211000.00, '1'),
('47201-27160', 'BMT-04', 'MR001', 'KG038', 'SK037', 'SP11110001', 'BRAKE MASTER ASSY BESI G-BOX (TROMOL)', '', 211000.00, '1'),
('47201-27170', 'BMT-03', 'MR001', 'KG038', 'SK037', 'SP11110001', 'BRAKE MASTER ASSY BESI G-BOX (DISC) 5K', '', 211000.00, '1'),
('47201-38010', 'BMT-02', 'MR001', 'KG067', 'SK068', 'SP11110001', 'BRAKE MASTER ASSY BESI G-BOX 15/16 GRAND', '', 211000.00, '1'),
('47201-38040', 'BMT-05', 'MR001', 'KG068', 'SK069', 'SP11110001', 'BRAKE MASTER ASSY ALUMUNIUM G-BOX', '', 211000.00, '1'),
('47201-87609', 'BMD-01', 'MR005', 'KG051', 'SK051', 'SP11110001', 'BRAKE MASTER ASSY ALUMUNIUM G-BOX  F70', '', 265000.00, '1'),
('47207-37070', 'BMT-06', 'MR001', 'KG062', 'SK062', 'SP11110001', 'BRAKE MASTER ASSY ALUMUNIUM G-BOX HT125', '', 500000.00, '1'),
('47553-37050', 'BAT-03', 'MR001', 'KG062', 'SK062', 'SP11110001', 'BRAKE ADJUSTER (RH) FR HT125', '', 45000.00, '1'),
('47553-37070', 'BAT-02', 'MR001', 'KG062', 'SK062', 'SP11110001', 'BRAKE ADJUSTER (LH) RR HT125', '', 45000.00, '1'),
('47554-37050', 'BAT-04', 'MR001', 'KG062', 'SK062', 'SP11110001', 'BRAKE ADJUSTER (LH) FR HT125', '', 45000.00, '1'),
('47554-37070', 'BAT-01', 'MR001', 'KG062', 'SK062', 'SP11110001', 'BRAKE ADJUSTER (RH) RR HT125', '', 45000.00, '1'),
('47731-04050', 'PCT-02', 'MR001', 'KG233', 'SK234', 'SP11110005', 'PISTON CALIPER INNOVA D SINGLE DISC', '', 64350.00, '1'),
('47731-0K060', 'PCT-01', 'MR001', 'KG232', 'SK233', 'SP11110005', 'PISTON CALIPER INNOVA 2.7/FORTUNER 2.7', '', 55000.00, '1'),
('47731-28020', 'PCT-03', 'MR001', 'KG045', 'SK045', 'SP11110005', 'PISTON CALIPER KIJANG', '', 50000.00, '1'),
('47731-87602', 'PCD-02', 'MR005', 'KG051', 'SK051', 'SP11110005', 'PISTON CALIPER F70', '', 54000.00, '1'),
('47731-97201', 'PCD-01', 'MR005', 'KG239', 'SK240', 'SP11110005', 'PISTON CALIPER S89/ESPASS 1.3', '', 50000.00, '1'),
('47731-BZ010', 'PCT-04', 'MR001', 'KG016', 'SK017', 'SP11110005', 'PISTON CALIPER AVANZA', '', 50000.00, '1'),
('47731-BZ050', 'PCD-03', 'MR005', 'KG023', 'SK024', 'SP11110005', 'PISTON CALIPER GRAND MAX', '', 64500.00, '1'),
('48068-28020', 'LWT-01', 'MR001', 'KG038', 'SK037', 'SP11110001', 'LOWER ARM LH 5K', '', 135850.00, '3'),
('48068-28020A', 'LWT-03', 'MR001', 'KG038', 'SK037', 'SP11110005', 'LOWER ARM RH TYPE "A" 5K', '', 211000.00, '3'),
('48068-28040', 'LWT-05', 'MR001', 'KG011', 'SK012', 'SP11110001', 'LOWER ARM LH 7K', '', 135850.00, '3'),
('48068-28040A', 'LWT-07', 'MR001', 'KG011', 'SK012', 'SP11110005', 'LOWER ARM RH TYPE "A" 7K', '', 211000.00, '3'),
('48068-87507', 'LWD-03', 'MR005', 'KG049', 'SK049', 'SP11120001', 'LOWER ARM TYPE "A" RH S88', '', 182500.00, '3'),
('48068-87515', 'LWD-05', 'MR005', 'KG075', 'SK076', 'SP11120001', 'LOWER ARM TYPE "A" RH S91', '', 182500.00, '3'),
('48068-BZ010', 'BJT-13', 'MR001', 'KG016', 'SK017', 'SP11110005', 'BALL JOINT AVANZA KEMASAN PLASTIK', '', 61000.00, '3'),
('48068-BZ010A', 'BJT-14', 'MR001', 'KG016', 'SK017', 'SP11110005', 'BALL JOIT AVANZA KEMASAN DUS', '', 67500.00, '3'),
('48068-BZ080', 'BJD-01', 'MR005', 'KG023', 'SK024', 'SP11110005', 'BALL JOINT GRANDMAX', '', 100000.00, '3'),
('48069-28020', 'LWT-02', 'MR001', 'KG038', 'SK037', 'SP11110001', 'LOWER ARM "RH" 5K', '', 135850.00, '3'),
('48069-28020A', 'LWT-04', 'MR001', 'KG038', 'SK037', 'SP11110005', 'LOWER ARM LH TYPE "A" 5K', '', 211000.00, '3'),
('48069-28040', 'LWT-06', 'MR001', 'KG011', 'SK012', 'SP11110001', 'LOWER ARM RH 7K', '', 135850.00, '3'),
('48069-28040A', 'LWT-08', 'MR001', 'KG011', 'SK012', 'SP11110005', 'LOWER ARM LH TYPE "A" 7K', '', 211000.00, '3'),
('48069-87507', 'LWD-04', 'MR005', 'KG049', 'SK049', 'SP11120001', 'LOWER ARM TYPE "A" LH S88', '', 182500.00, '3'),
('48069-87515', 'LWD-06', 'MR005', 'KG075', 'SK076', 'SP11120001', 'LOWER ARM TYPE "A" LH S91', '', 182500.00, '3'),
('48230-85000', 'SJAS-01', 'MR003', 'KG092', 'SK093', 'SP11110001', 'STEERING JOINT ASSY FUTURA/T120SS', '', 77000.00, '1'),
('48500-77500', 'SGAS-01', 'MR003', 'KG092', 'SK093', 'SP11110001', 'STEERING GEAR ASSY FUTURA/T120SS', '', 264000.00, '1'),
('48510-Z10219', 'DRN-01', 'MR008', 'KG061', 'SK061', 'SP11110001', 'DRAG LINK ASSY  CK12', '', 412000.00, '1'),
('4852/90-61G25', 'TRN-02', 'MR008', 'KG031', 'SK032', 'SP11110005', 'TIE ROD END TERANO', '', 192192.00, '1'),
('48520-OP725', 'TRN-03', 'MR008', 'KG039', 'SK039', 'SP11110005', 'TIE ROD END XTRAL', '', 250250.00, '1'),
('48560-56G25', 'DRN-02', 'MR008', 'KG031', 'SK032', 'SP11110001', 'DRAG LINK ASSY TERANO', '', 700000.00, '1'),
('48600-60500', 'SWS-01', 'MR003', 'KG065', 'SK065', 'SP11110001', 'STEERING WORM CARRY EXTRA', '', 300000.00, '1'),
('48600-77350', 'SWS-02', 'MR003', 'KG163', 'SK165', 'SP11110001', 'STEERING WORM ST100', '', 228800.00, '1'),
('48620-80010', 'SWS-03', 'MR003', 'KG247', 'SK248', 'SP11110001', 'STEERING WORM SJ 410/KATANA', '', 211000.00, '1'),
('48671-88910', 'SBKT-01', 'MR001', 'KG160', 'SK162', 'SP11110007', 'STABIL BAR KIT ASSY SILICON KF 40', '', 33500.00, '1'),
('48671-OB010', 'SBKT-02', 'MR001', 'KG207', 'SK209', 'SP11110007', 'STABIL BAR KIT ASSY SILICON KF 60', '', 35500.00, '1'),
('48674-42089', 'SBKD-02', 'MR005', 'KG049', 'SK049', 'SP11110007', 'STABIL BAR KIT ASSY SILICON S88', '', 15000.00, '1'),
('48674-77208', 'SBKD-01', 'MR005', 'KG051', 'SK051', 'SP11110007', 'STABIL BAR KIT ASSY SILICON F70', '', 52000.00, '1'),
('48720-87601', 'LWD-02', 'MR005', 'KG167', 'SK169', 'SP11110001', 'LOWER ARM "RH" F73', '', 456170.00, '3'),
('48730-87601', 'LWD-01', 'MR005', 'KG167', 'SK169', 'SP11110001', 'LOWER ARM "LH" F73', '', 456170.00, '3'),
('48810-33010', 'LST-15', 'MR001', 'KG230', 'SK231', 'SP11110006', 'LINK STABILIZER TYPE "A" FRT-LH NEW CAMRY SXV2.0', '', 135000.00, '1'),
('48810-60A00', 'TRS-06', 'MR003', 'KG267', 'SK268', 'SP11110005', 'TIE ROD END SHORT VITARA/ESCUDO/JIMMY', '', 142500.00, '1'),
('48810-60B00', 'TRS-05', 'MR003', 'KG266', 'SK267', 'SP11110005', 'TIE ROD END TAIWAN BALENO/FORSA', '', 107500.00, '1'),
('48810-61J00', 'TRS-04', 'MR003', 'KG098', 'SK099', 'SP11110005', 'TIE ROD END "TW" APV', '', 100000.00, '1'),
('48810-79000A', 'TRS-01', 'MR003', 'KG265', 'SK266', 'SP11110005', 'TIE ROD END "TW" ST100,FUTURA,T120', '', 82250.00, '1'),
('48810-79000B', 'TRS-02', 'MR003', 'KG265', 'SK266', 'SP11110005', 'TIE ROD END TYPE "B" ST100,FUTURA,T120', '', 53000.00, '1'),
('48820-0D020', 'LST-14', 'MR001', 'KG229', 'SK230', 'SP11110006', 'LINK STABILIZER TYPE "A" YARIS/NEW VIOS', '', 121500.00, '1'),
('48820-20010', 'LST-10', 'MR001', 'KG226', 'SK227', 'SP11110006', 'LINK STABILIZER TYPE "A" FRT TWIN CAMP 98', '', 121500.00, '1'),
('48820-28050', 'LST-18', 'MR001', 'KG231', 'SK232', 'SP11110006', 'LINK STABILIZER TYPE "A" FRT NEW CAMRY 2.4-3.0', '', 135000.00, '1'),
('48820-33010', 'LST-06', 'MR001', 'KG225', 'SK226', 'SP11110006', 'LINK STABILIZER TYPE "A" FRT GREAT AE92', '', 121500.00, '1'),
('48820-33020', 'LST-16', 'MR001', 'KG230', 'SK231', 'SP11110006', 'LINK STABILIZER TYPE "A" FRT-RH NEW CAMRY SXV2.0', '', 135000.00, '1'),
('48820-42010', 'LST-12', 'MR001', 'KG227', 'SK228', 'SP11110006', 'LINK STABILIZER TYPE "A" RAV 4', '', 121500.00, '1'),
('48820-60A00', 'TRS-07', 'MR003', 'KG268', 'SK269', 'SP11110005', 'TIE ROD END LONG VITARA/ESCUDO 88', '', 264500.00, '1'),
('48820-B0010', 'LST-03', 'MR001', 'KG016', 'SK017', 'SP11110001', 'LINK STABILIZER TYPE "A" AVANZA', '', 71500.00, '1'),
('48820-B0020', 'LST-13', 'MR001', 'KG228', 'SK229', 'SP11110006', 'LINK STABILIZER TYPE "A" RUSH/TERIOS', '', 121500.00, '1'),
('48820-OK010', 'LST-01', 'MR001', 'KG015', 'SK016', 'SP11110006', 'LINK STABILIZER TYPE "A" INNOVA', '', 121500.00, '1'),
('48820-OK010B', 'LST-02', 'MR001', 'KG015', 'SK016', 'SP11110001', 'LINK STABILIZER TYPE "B" INNOVA', '', 71500.00, '1'),
('48820-OK030', 'LST-05', 'MR001', 'KG035', 'SK035', 'SP11110006', 'LINK STABILIZER TYPE "A" RH FORTUNER', '', 129000.00, '1'),
('48830-12060', 'LST-11', 'MR001', 'KG226', 'SK227', 'SP11110006', 'LINK STABILIZER TYPE "A" RR TWIN CAMP98', '', 121500.00, '1'),
('48830-20010', 'LST-08', 'MR001', 'KG225', 'SK226', 'SP11110006', 'LINK STABILIZER TYPE "A" RR GREAT AE92', '', 121500.00, '1'),
('48830-20010B', 'LST-09', 'MR001', 'KG225', 'SK226', 'SP11110001', 'LINK STABILIZER TYPE "B" RR GREAT AE92', '', 80000.00, '1'),
('48830-33010', 'LST-17', 'MR001', 'KG230', 'SK231', 'SP11110006', 'LINK STABILIZER TYPE "A" RR NEW CAMRY SXV2.0', '', 135000.00, '1'),
('48830-48010', 'LST-19', 'MR001', 'KG231', 'SK232', 'SP11110006', 'LINK STABILIZER TYPE "A" RR NEW CAMRY 2.4-3.0', '', 135000.00, '1'),
('48850-60A00', 'TRS-08', 'MR003', 'KG024', 'SK025', 'SP11110005', 'TIE ROD END VITARA', '', 307500.00, '1'),
('48900-77300', 'CRS-02', 'MR003', 'KG008', 'SK009', 'SP11110001', 'DRAG LINK ASSY CARRY', '', 60000.00, '1');
INSERT INTO `msbarang` (`KdBarang`, `KdIdentifikasi`, `KdMerk`, `KdKategori`, `KdSub`, `KdSupplier`, `NamaBarang`, `Note`, `HargaList`, `LevelID`) VALUES
('48900-77300A', 'DRS-01', 'MR003', 'KG008', 'SK009', 'SP11110005', 'DRAG LINK ASSY "A" CARRY', '', 119000.00, '1'),
('48900-77500', 'CRS-03', 'MR003', 'KG007', 'SK008', 'SP11110001', 'DRAG LINK ASSY FUTURA', '', 60000.00, '1'),
('48900-77500A', 'CRS-04', 'MR003', 'KG007', 'SK008', 'SP11110005', 'DRAG LINK ASSY "A" FUTURA', '', 100000.00, '1'),
('5-13200-220', 'FASI-01', 'MR002', 'KG017', 'SK018', 'SP11110001', 'FILTER ASSY/SENDIMETER PHANTER', '', 140000.00, '1'),
('5-13212-071', 'BFF-03', 'MR002', 'KG017', 'SK018', 'SP11110001', 'BODY FUEL FILTER G-BOX PHANTER', '', 87000.00, '1'),
('5-37211-001', 'FJI-02', 'MR002', 'KG173', 'SK175', 'SP11110001', 'FLANGE JOINT KBD 25', 'PAL', 60000.00, '1'),
('5-37211-001A', 'FJI-03', 'MR002', 'KG173', 'SK175', 'SP11110001', 'FLANGE JOINT "B" KBD25', 'PAL', 65000.00, '1'),
('5-37211-007', 'FJI-01', 'MR002', 'KG172', 'SK174', 'SP11110001', 'FLANGE JOINT KAD', 'PAL', 56000.00, '1'),
('5-81124-003', 'BDI-01', 'MR002', 'KG003', 'SK003', 'SP11110001', 'BENDIX STATER PHANTER/KBD26', '', 160000.00, '1'),
('5-87830-978-1', 'KPSI-01', 'MR002', 'KG174', 'SK176', 'SP11110001', 'KING PIN SET MERK HOKIKU NKR 66', '', 243100.00, '1'),
('51100-77500', 'BMS-02', 'MR003', 'KG007', 'SK008', 'SP11110001', 'BRAKE MASTER ASSY ALUMUNIUM G-BOX  FUTURA', '', 221650.00, '1'),
('51100-77830', 'BKS-02', 'MR003', 'KG007', 'SK008', 'SP11110001', 'BRAKE MASTER KIT G-BOX FUTURA', 'MEDAN JAYA', 55000.00, '1'),
('51100-81220', 'BMS-01', 'MR003', 'KG065', 'SK065', 'SP11110001', 'BRAKE MASTER ASSY ALUMUNIUM G-BOX CARRY EXTRA', '', 211650.00, '1'),
('51100-81810', 'BKS-01', 'MR003', 'KG054', 'SK054', 'SP11110001', 'BRAKE MASTER KIT G-BOX EXTRA', 'MEDAN JAYA', 55000.00, '1'),
('51220-S8A-982', 'BJH-02', 'MR007', 'KG028', 'SK029', 'SP11110006', 'BALL JOINT CRV', '', 115000.00, '3'),
('51220-S9A-982', 'BJH-03', 'MR007', 'KG030', 'SK030', 'SP11110005', 'BALL JOINT CRV NEW', '', 115000.00, '3'),
('51220-STK-A01', 'BJH-04', 'MR007', 'KG033', 'SK031', 'SP11110005', 'BALL JOINT CRV 07-09', '', 195000.00, '3'),
('51220-SX8-T01', 'BJH-01', 'MR007', 'KG029', 'SK028', 'SP11110006', 'BALL JOINT JAZZ', '', 97250.00, '3'),
('51320-S04-003', 'LSH-01', 'MR007', 'KG221', 'SK223', 'SP11110006', 'LINK STABILIZER TYPE "A" FRONT CRV OLD/VERIO', '', 125000.00, '1'),
('51320-S10-003', 'LSH-02', 'MR007', 'KG222', 'SK224', 'SP11110006', 'LINK STABILIZER TYPE "A" REAR RH CRV OLD', '', 125000.00, '1'),
('51320-S5A-003', 'LSH-05', 'MR007', 'KG223', 'SK030', 'SP11110006', 'LINK STABILIZER TYPE "A" FRONT LH CRV NEW', '', 125000.00, '1'),
('51321-S10-003', 'LSH-03', 'MR007', 'KG222', 'SK224', 'SP11110006', 'LINK STABILIZER TYPE "A" REAR LH CRV OLD', '', 125000.00, '1'),
('51321-S5A-003', 'LSH-04', 'MR007', 'KG223', 'SK030', 'SP11110006', 'LINK STABILIZER TYPE "A" FRONT RH CRV NEW', '', 125000.00, '1'),
('51540-77300', 'BHS-01', 'MR003', 'KG008', 'SK009', 'SP11110009', 'BRAKE HOSE FRT CARRY/EXTRA', '', 30000.00, '3'),
('51540-77500', 'BHS-03', 'MR003', 'KG007', 'SK008', 'SP11110009', 'BRAKE HOSE FRT FUTURA', '', 33500.00, '3'),
('51540-78050', 'BHS-02', 'MR003', 'KG008', 'SK009', 'SP11110009', 'BRAKE HOSE RR (P-P) CARRY/EXTRA', '', 0.00, '3'),
('52320-S9A-003', 'LSH-07', 'MR007', 'KG223', 'SK030', 'SP11110006', 'LINK STABILIZER TYPE "A" REAR LH CRV NEW', '', 125000.00, '1'),
('52321-S9A-003', 'LSH-06', 'MR007', 'KG223', 'SK030', 'SP11110006', 'LINK STABILIZER TYPE "A" REAR RH CRV NEW', '', 125000.00, '1'),
('5354-SH3-013', 'TRH-01', 'MR007', 'KG281', 'SK283', 'SP11110005', 'TIE ROD END (SET) GENIO/GRAND/CRV', '', 165000.00, '1'),
('5354/60-SEL-003', 'TRH-04', 'MR007', 'KG284', 'SK286', 'SP11110005', 'TIE ROD END JAZZ/FIT/NEW CITY', '', 176000.00, '1'),
('5354/60-SWA-A01', 'TRH-05', 'MR007', 'KG033', 'SK031', 'SP11110005', 'TIE ROD END CRV 07-09', '', 312000.00, '1'),
('53540-SX8-T01', 'TRH-02', 'MR007', 'KG282', 'SK284', 'SP11110005', 'TIE ROD END CITY TYPE Z', '', 165000.00, '1'),
('53541-S5A-003', 'TRH-03', 'MR007', 'KG283', 'SK285', 'SP11110005', 'TIE ROD END CRV NEW 01-06', '', 178000.00, '1'),
('54421-87710', 'STD-01', 'MR005', 'KG050', 'SK050', 'SP11110001', 'SWITCH TEMPERATUR S89', '', 16500.00, '1'),
('54421-YD010', 'STT-01', 'MR001', 'KG045', 'SK045', 'SP11110001', 'SWITCH TEMPERATUR KIJANG', '', 16500.00, '1'),
('544321-87110', 'STD-02', 'MR005', 'KG049', 'SK049', 'SP11110001', 'SWITCH TEMPERATUR S88', '', 16500.00, '1'),
('54501-EE530', 'BJN-03', 'MR008', 'KG032', 'SK033', 'SP11110005', 'BALL JOINT LIVINA', '', 92500.00, '3'),
('55100-77300', 'CKS-01', 'MR003', 'KG143', 'SK145', 'SP11110007', 'CALIPER KIT TYPE "A" CARRY/FUTURA', '', 21000.00, '1'),
('55100-77810', 'PCS-01', 'MR003', 'KG238', 'SK239', 'SP11110005', 'PISTON CALIPER FUTURA/EXTRA', '', 50000.00, '1'),
('55100-I0600', 'CKS-02', 'MR003', 'KG098', 'SK099', 'SP11110007', 'CALIPER KIT TYPE "A" APV', '', 21000.00, '1'),
('69801-OB010', 'WRT-06', 'MR001', 'KG297', 'SK298', 'SP11110002', 'WINDOW REGULATOR PLASTIK TOYOTA RH KF 70', '', 54000.00, '1'),
('69802-OB010', 'WRT-05', 'MR001', 'KG297', 'SK298', 'SP11110002', 'WINDOW REGULATOR PLASTIK TOYOTA LH KF 70', '', 54000.00, '1'),
('69810-90K00', 'WRT-04', 'MR001', 'KG160', 'SK162', 'SP11110002', 'WINDOW REGULATOR PLASTIK TOYOTA RH KF 40', '', 54000.00, '1'),
('69810-95188', 'WRT-02', 'MR001', 'KG296', 'SK297', 'SP11110002', 'WINDOW REGULATOR PLASTIK TOYOTA RH KF 20', '', 54000.00, '1'),
('69820-87364', 'WRT-09', 'MR001', 'KG113', 'SK115', 'SP11110002', 'WINDOW REGULATOR PLASTIK TOYOTA LH RINO', '', 54000.00, '1'),
('69820-90K00', 'WRT-03', 'MR001', 'KG160', 'SK162', 'SP11110002', 'WINDOW REGULATOR PLASTIK TOYOTA LH KF 40', '', 54000.00, '1'),
('69820-95186', 'WRT-07', 'MR001', 'KG298', 'SK299', 'SP11110002', 'WINDOW REGULATOR PLASTIK TOYOTA LH HIACE/14B', '', 54000.00, '1'),
('69820-95A00', 'WRT-08', 'MR001', 'KG298', 'SK299', 'SP11110002', 'WINDOW REGULATOR PLASTIK TOYOTA RH HIACE/14B', '', 54000.00, '1'),
('69820-98188', 'WRT-01', 'MR001', 'KG296', 'SK297', 'SP11110002', 'WINDOW REGULATOR PLASTIK TOYOTA LH KF 20', '', 54000.00, '1'),
('69821-87364', 'WRT-10', 'MR001', 'KG113', 'SK115', 'SP11110002', 'WINDOW REGULATOR PLASTIK TOYOTA RH RINO', '', 54000.00, '1'),
('77610-0B001', 'FBT-01', 'MR001', 'KG111', 'SK112', 'SP11110007', 'FAN BLADE TYPE "A" 7K DIESEL', '', 144000.00, '1'),
('77610-0B001A', 'FBBT-01', 'MR001', 'KG111', 'SK112', 'SP11110007', 'FAN BLADE TYPE "B" 7K DIESEL', '', 120000.00, '1'),
('77610-0K001', 'FBT-02', 'MR001', 'KG157', 'SK159', 'SP11110007', 'FAN BLADE TYPE "A" INNOVA B', '', 230000.00, '1'),
('77610-0K002', 'FBT-03', 'MR001', 'KG158', 'SK160', 'SP11110007', 'FAN BLADE TYPE "A" INNOVA D', '', 230000.00, '1'),
('77610-87345', 'FBBT-05', 'MR001', 'KG161', 'SK163', 'SP11110007', 'FAN BLADE TYPE "B" 2F/T210', '', 60000.00, '1'),
('77610-87390', 'FBT-04', 'MR001', 'KG159', 'SK161', 'SP11110007', 'FAN BLADE TYPE "A" 125 HT', '', 165000.00, '1'),
('77610-88390', 'FBBT-04', 'MR001', 'KG067', 'SK068', 'SP11110007', 'FAN BLADE TYPE "B" GRAND', '', 78000.00, '1'),
('77610-99725', 'FBBT-06', 'MR001', 'KG162', 'SK164', 'SP11110007', 'FAN BLADE TYPE "B" RINO/F70', '', 78000.00, '1'),
('77610-YD010', 'FBBT-02', 'MR001', 'KG160', 'SK162', 'SP11110007', 'FAN BLADE TYPE "B" (STD) KF40', '', 66000.00, '1'),
('77610-YD010B', 'FBBT-03', 'MR001', 'KG160', 'SK162', 'SP11110007', 'FAN BLADE TYPE "B" (PLAT) KF40', '', 78000.00, '1'),
('77893-65880', 'JKD-02', 'MR005', 'KG049', 'SK049', 'SP11110005', 'UNIVERSAL JOINT/JOINT KOPEL POLOS TYPE "B" DUS DAIHATSU S88', '', 36900.00, '1'),
('77893-87420', 'JKD-01', 'MR005', 'KG051', 'SK051', 'SP11110005', 'UNIVERSAL JOINT/JOINT KOPEL POLOS TYPE "B" DUS DAIHATSU F70', '', 55000.00, '1'),
('8-7225-254', 'FJI-04', 'MR002', 'KG174', 'SK176', 'SP11110001', 'FLANGE JOINT NKR 66', 'PAL', 80000.00, '1'),
('8-93212-691-0', 'PSHI-02', 'MR002', 'KG129', 'SK131', 'SP11110001', 'POWER STEERING HOSE PHANTER 2.5', '', 92500.00, '1'),
('8-94120-490-2', 'PSHI-01', 'MR002', 'KG242', 'SK243', 'SP11110001', 'POWER STEERING HOSE PHANTER 2.3', '', 92500.00, '1'),
('8-94128-208-0', 'SJAI-02', 'MR002', 'KG174', 'SK176', 'SP11110001', 'STEERING JOINT ASSY NKR 66', '', 176000.00, '1'),
('8-94223-221', 'LWI-02', 'MR002', 'KG017', 'SK018', 'SP11110001', 'LOWER ARM "RH" PHANTER', '', 250000.00, '3'),
('8-94223-221A', 'LWI-04', 'MR002', 'KG017', 'SK018', 'SP11110005', 'LOWER ARM RH TYPE "A" PHANTER', '', 305000.00, '1'),
('8-94223-222', 'LWI-01', 'MR002', 'KG017', 'SK018', 'SP11110001', 'LOWER ARM "LH" PHANTER', '', 250000.00, '3'),
('8-94223-222A', 'LWI-03', 'MR002', 'KG017', 'SK018', 'SP11110005', 'LOWER ARM LH TYPE "A" PHANTER', '', 353000.00, '3'),
('8-94224-550-4', 'BJI-01', 'MR002', 'KG017', 'SK018', 'SP11110005', 'BALL JOINT PHT/TOURING ATAS KEMASAN PLASTIK', '', 75000.00, '3'),
('8-94224-550-4A', 'BJI-02', 'MR002', 'KG017', 'SK018', 'SP11110005', 'BALL JOINT PHT/TOURING ATAS KEMASAN DUS', '', 79000.00, '3'),
('8-94227-477-0', 'FPAI-01', 'MR002', 'KG166', 'SK168', 'SP11110001', 'FEED PUMP ASSY C190/PHANTER', '', 176000.00, '1'),
('8-94229-485-01', 'FBI-01', 'MR005', 'KG184', 'SK186', 'SP11110001', 'FUSES BOX G-BOX KBD 26', 'SS', 38500.00, '1'),
('8-94235-627', 'RGPI-01', 'MR002', 'KG017', 'SK018', 'SP11110001', 'RELLAY GLOGRELAY GLOW PLUG PHANTER', '', 17000.00, '1'),
('8-94235-627A', 'RLI-01', 'MR002', 'KG017', 'SK018', 'SP11110001', 'RELLAY LAMPU K-5 PHANTER', '', 14500.00, '1'),
('8-94237-351-1', 'TRI-01', 'MR002', 'KG017', 'SK018', 'SP11110005', 'TIE ROD END "TW" PHANTER', '', 100000.00, '1'),
('8-94237-366-1', 'DLI-01', 'MR002', 'KG017', 'SK018', 'SP11110005', 'DRAG LINK ASSY "A" PHANTER', '', 216000.00, '1'),
('8-94272-506', 'FBBI-01', 'MR002', 'KG017', 'SK018', 'SP11110007', 'FAN BLADE TYPE "B" PHANTER', '', 78000.00, '1'),
('8-94313-438-0', 'BMI-01', 'MR002', 'KG017', 'SK018', 'SP11110001', 'BRAKE MASTER ASSY ALUMUNIUM G-BOX PHANTER', '', 265000.00, '1'),
('8-94327-253', 'BKI-01', 'MR002', 'KG017', 'SK018', 'SP11110001', 'BRAKE MASTER KIT G-BOX PHANTER', 'MEDAN JAYA', 57500.00, '1'),
('8-94362-961', 'WHI-01', 'MR002', 'KG017', 'SK018', 'SP11110005', 'WHEEL HUB/NAP RODA DUS COKLAT G-BOX FORGING PUTIH "TW" PHANTER', '', 205000.00, '1'),
('8-94365-164-0', 'BJI-03', 'MR002', 'KG017', 'SK018', 'SP11110005', 'BALL JOINT PHT BWH RH KEMASAN PLASTIK', '', 103000.00, '3'),
('8-94365-164-0A', 'BJI-04', 'MR002', 'KG017', 'SK018', 'SP11110005', 'BALL JOINT PHT  RH BWH KEMASAN DUS', '', 107250.00, '3'),
('8-94365-165-0', 'BJI-05', 'MR002', 'KG017', 'SK018', 'SP11110005', 'BALL JOINT PHT LH BWH KEMASAN PLASTIK', '', 103000.00, '3'),
('8-94365-165-0A', 'BJI-06', 'MR002', 'KG017', 'SK018', 'SP11110005', 'BALL JOINT PHT LH BWH KEMASAN DUS', '', 107250.00, '3'),
('8-94366-124', 'CAI-01', 'MR002', 'KG120', 'SK122', 'SP11110005', 'CENTER ARM TYPE "A" PHANTER 2.3/2.5', '', 195000.00, '1'),
('8-94366-124A', 'CAI-02', 'MR002', 'KG120', 'SK122', 'SP11110001', 'CENTER ARM TYPE "B" PHANTER 2.3/2.5', '', 129000.00, '1'),
('8-94366-606', 'REI-01', 'MR002', 'KG017', 'SK018', 'SP11110006', 'RACK END "TW" HITAM PHANTER', '', 107500.00, '1'),
('8-94366-606B', 'REI-02', 'MR002', 'KG017', 'SK018', 'SP11110001', 'RACK END "B" HITAM PHANTER', '', 57500.00, '1'),
('8-94369-491-1', 'KHBI-03', 'MR002', 'KG129', 'SK131', 'SP12010002', 'KABEL HAND BRAKE PHANTER 2.5 "RH"', '', 54000.00, '3'),
('8-94369-492-1', 'KHBI-04', 'MR002', 'KG129', 'SK131', 'SP12010002', 'KABEL HAND BRAKE PHANTER 2.5 "LH"', '', 52000.00, '3'),
('8-94385-216-1', 'WRI-02', 'MR002', 'KG017', 'SK018', 'SP11110002', 'WINDOW REGULATOR RH PHANTER', '', 54000.00, '3'),
('8-94385-217-1', 'WRI-01', 'MR002', 'KG017', 'SK018', 'SP11110002', 'WINDOW REGULATOR LH PHANTER', '', 54000.00, '3'),
('8-94389-209-2', 'DLI-02', 'MR002', 'KG018', 'SK019', 'SP11110005', 'DRAG LINK ASSY "A" TOURING', '', 354000.00, '1'),
('8-94408-840-2', 'BAI-01', 'MR002', 'KG017', 'SK018', 'SP11110007', 'BUSHING ARM  ATAS PHANTER', '', 20000.00, '3'),
('8-94411-118', 'CASI-01', 'MR002', 'KG149', 'SK151', 'SP11110001', 'COUPLING ASSY KB 26', '', 114000.00, '1'),
('8-94420-599-0', 'WHI-02', 'MR002', 'KG220', 'SK222', 'SP11110005', 'WHEEL HUB/NAP RODA DUS COKLAT G-BOX FORGING PUTIH "TW" D-MAX', '', 351000.00, '1'),
('8-94428-689', 'PCI-01', 'MR002', 'KG236', 'SK237', 'SP11110005', 'PISTON CALIPER PHANTER/TOURING', '', 60000.00, '1'),
('8-94432-604', 'ICI-01', 'MR002', 'KG017', 'SK018', 'SP11110005', 'IC REGULATOR TYPE "A" PHANTER', '', 146000.00, '1'),
('8-94438-712-0', 'BCI-01', 'MR002', 'KG017', 'SK018', 'SP11110007', 'BAUT CALIPER WITH BUSH PHANTER', '', 9500.00, '1'),
('8-94438-733-0', 'STSI-03', 'MR002', 'KG264', 'SK265', 'SP11110002', 'SWITCH TURN SIGNAL KAD 51', '', 176000.00, '1'),
('8-94442-569-1', 'CHI-01', 'MR002', 'KG129', 'SK131', 'SP11110009', 'CLUTCH HOSE PHANTER 2.5', '', 31500.00, '3'),
('8-94443-569-1', 'CTI-01', 'MR002', 'KG017', 'SK018', 'SP11110001', 'CLUTCH MASTER KIT G-BOX PHANTER', 'MEDAN JAYA', 36000.00, '1'),
('8-94456-504', 'SBKI-02', 'MR002', 'KG018', 'SK019', 'SP11110007', 'STABIL BAR KIT ASSY SILICON TOURING', '', 48500.00, '1'),
('8-94459-453-4', 'BJI-07', 'MR002', 'KG018', 'SK019', 'SP11110005', 'BALL JOINT BWH TOURING KEMASAN PLASTIK', '', 115000.00, '3'),
('8-94459-453-4A', 'BJI-08', 'MR002', 'KG018', 'SK019', 'SP11110005', 'BALL JOINT TOURING BWH KEMASAN DUS', '', 120000.00, '3'),
('8-94459-480/1-1', 'TRI-02', 'MR002', 'KG018', 'SK019', 'SP11110005', 'TIE ROD END "TW" TOURING', '', 114000.00, '1'),
('8-94461-250-0', 'CKI-01', 'MR002', 'KG017', 'SK018', 'SP11110007', 'CALIPER KIT TYPE "A" PHANTER', '', 35000.00, '1'),
('8-94465-03', 'ICI-02', 'MR002', 'KG017', 'SK018', 'SP11110005', 'IC REGULATOR TYPE "A" COMPLETE PHANTER', '', 287000.00, '1'),
('8-94523-606', 'SBKI-01', 'MR002', 'KG017', 'SK018', 'SP11110007', 'STABIL BAR KIT ASSY SILICON PHANTER', '', 33500.00, '1'),
('8-94687-505-0', 'JKI-01', 'MR002', 'KG287', 'SK288', 'SP11110005', 'UNIVERSAL JOINT/JOINT KOPEL POLOS TYPE "A" DUS ISUZU PHANTER 2.3/KBD', '', 50000.00, '1'),
('8-94688-504-0', 'JKI-02', 'MR002', 'KG288', 'SK289', 'SP11110005', 'UNIVERSAL JOINT/JOINT KOPEL POLOS TYPE "A" DUS ISUZU PHANTER 2.5/KAD/BISON', '', 53650.00, '1'),
('8-96657-468', 'BSI-01', 'MR002', 'KG017', 'SK018', 'SP11110003', 'BRAKE SHOE PHANTER', '', 125000.00, '3'),
('8-97013-575-1', 'STSI-01', 'MR002', 'KG120', 'SK122', 'SP11110002', 'SWITCH TURN SIGNAL PHANTER 2.3/2.5', '', 181500.00, '1'),
('8-97094-625-0', 'SJAI-01', 'MR002', 'KG017', 'SK018', 'SP11110001', 'STEERING JOINT ASSY PHANTER', '', 165000.00, '1'),
('8-97103-765-1', 'SFFI-01', 'MR002', 'KG017', 'SK018', 'SP11110001', 'SENSOR FUEL FILTER PHANTER', '', 25000.00, '1'),
('8-97116-048', 'IAI-01', 'MR002', 'KG120', 'SK122', 'SP11110005', 'IDLE ARM TYPE "A" PHANTER 2.3/2.5', '', 205000.00, '1'),
('8-97143-175-0', 'STI-01', 'MR002', 'KG017', 'SK018', 'SP11110001', 'SWITCH TEMPERATUR PHANTER', '', 18000.00, '1'),
('8-97192-271-1', 'STSI-02', 'MR002', 'KG018', 'SK019', 'SP11110002', 'SWITCH TURN SIGNAL TOURING', '', 181500.00, '1'),
('8-9744-58-0', 'LSI-01', 'MR002', 'KG220', 'SK222', 'SP11110006', 'LINK STABILIZER TYPE "A" CHROMED RH D-MAX', '', 121500.00, '1'),
('8-97944-569-0', 'LSI-02', 'MR002', 'KG220', 'SK222', 'SP11110006', 'LINK STABILIZER TYPE "A" CHOMED LH D-MAX', '', 121500.00, '1'),
('81980-16010', 'FRT-01', 'MR001', 'KG160', 'SK162', 'SP11110001', 'FLASHER G- BOX KF 40', '', 13700.00, '1'),
('81980-37140', 'FRT-02', 'MR001', 'KG062', 'SK062', 'SP11110001', 'FLASHER G-BOX HT 125', '', 66000.00, '1'),
('82620-87502', 'FBD-01', 'MR005', 'KG049', 'SK049', 'SP11110001', 'FUSES BOX G-BOX S88', 'SS', 30500.00, '1'),
('82620-90900', 'FOT-01', 'MR001', 'KG038', 'SK037', 'SP11110001', 'FUSES BOX G-BOX 5K', 'SS', 25000.00, '1'),
('84140-BZ011', 'STST-01', 'MR001', 'KG016', 'SK017', 'SP11110002', 'SWITCH TURN SIGNAL AVANZA', '', 151000.00, '1'),
('84140-BZ020', 'STST-02', 'MR001', 'KG259', 'SK260', 'SP11110006', 'SWITCH TURN SIGNAL AVANZA VVTI', '', 182000.00, '1'),
('84140-OA020', 'STST-05', 'MR001', 'KG261', 'SK262', 'SP11110002', 'SWITCH TURN SIGNAL KIJANG EFI', '', 187600.00, '1'),
('84310-12400', 'STST-08', 'MR001', 'KG038', 'SK037', 'SP11110002', 'SWITCH TURN SIGNAL 5K', '', 132900.00, '1'),
('84310-25110', 'STST-06', 'MR001', 'KG064', 'SK064', 'SP11110002', 'SWITCH TURN SIGNAL 14B', '', 145000.00, '1'),
('84310-373230', 'STST-07', 'MR001', 'KG009', 'SK010', 'SP11110002', 'SWITCH TURN SIGNAL DYNA 125', '', 229500.00, '1'),
('84310-87555', 'STSD-03', 'MR005', 'KG049', 'SK049', 'SP11110002', 'SWITCH TURN SIGNAL S88', '', 145000.00, '1'),
('84310-87659', 'STSD-02', 'MR005', 'KG205', 'SK207', 'SP11110002', 'SWITCH TURN SIGNAL FEROZA', '', 169000.00, '1'),
('84310-87D20', 'STSD-01', 'MR005', 'KG075', 'SK076', 'SP11110002', 'SWITCH TURN SIGNAL S91', '', 151000.00, '1'),
('84310-OB010', 'STST-03', 'MR001', 'KG011', 'SK012', 'SP11110002', 'SWITCH TURN SIGNAL 7K', '', 182000.00, '1'),
('84310-OB020', 'STST-04', 'MR001', 'KG260', 'SK261', 'SP11110002', 'SWITCH TURN SIGNAL 7K DELUXE', '', 182000.00, '1'),
('84461-87465', 'SFFT-01', 'MR001', 'KG113', 'SK115', 'SP11110001', 'SENSOR FUEL FILTER RINO', '', 25000.00, '1'),
('84461-87705', 'SFFD-01', 'MR005', 'KG051', 'SK051', 'SP11110001', 'SENSOR FUEL FILTER F70', '', 25000.00, '1'),
('87332-90491', 'FASD-01', 'MR005', 'KG051', 'SK051', 'SP11110001', 'FILTER ASSY/SENDIMETER F70', '', 140000.00, '1'),
('87332-90492', 'FASM-02', 'MR004', 'KG113', 'SK115', 'SP11110001', 'FILTER ASSY/SENDIMETER RINO', '', 140000.00, '1'),
('88120-0BL10', 'FLT-01', 'MR001', 'KG062', 'SK062', 'SP11110007', 'FAN BLADE HT 125', '', 165000.00, '3'),
('88120-0BL20', 'FLT-02', 'MR001', 'KG209', 'SK211', 'SP11110007', 'FAN BLADE HT 130', '', 230400.00, '3'),
('88120-0BL30', 'FLT-03', 'MR001', 'KG210', 'SK212', 'SP11110007', 'FAN BLADE HT 140', '', 230400.00, '3'),
('9-44250-231-0', 'FLI-01', 'MR002', 'KG208', 'SK210', 'SP11110007', 'FAN BLADE NKR 55', '', 204000.00, '3'),
('9-73450-989', 'BPI-01', 'MR002', 'KG017', 'SK018', 'SP11110007', 'BRAKE PAD PHANTER', '', 78650.00, '3'),
('9001-44874', 'RHH-01', 'MR011', 'KG155', 'SK157', 'SP11110007', 'RADIATOR HOSE ATAS HINO', '', 51675.00, '3'),
('9001-54173', 'RHH-02', 'MR011', 'KG155', 'SK157', 'SP11110007', 'RADIATOR HOSE BAWAH HINO', '', 57525.00, '3'),
('90048-58298', 'CPT-04', 'MR001', 'KG016', 'SK017', 'SP11110001', 'KABEL BUSI/CORD PLUG MERK SUMITOMO/YAZAKI AVANZA', '', 107200.00, '1'),
('90049-22037', 'BHD-05', 'MR005', 'KG050', 'SK050', 'SP11110009', 'BRAKE HOSE FRT S89', '', 24500.00, '3'),
('90049-22040', 'BHD-10', 'MR005', 'KG050', 'SK050', 'SP11110009', 'BRAKE HOSE RR S89', '', 24500.00, '3'),
('90049-22046', 'BHD-07', 'MR005', 'KG047', 'SK047', 'SP11110009', 'BRAKE HOSE RR V22/V23', '', 24500.00, '3'),
('90049-22047', 'BHD-01', 'MR005', 'KG047', 'SK047', 'SP11110009', 'BRAKE HOSE (P-P) V22/V23', '', 24500.00, '3'),
('90049-22068', 'BHD-03', 'MR005', 'KG048', 'SK048', 'SP11110009', 'BRAKE HOSE FRT (L-P) S75', '', 24500.00, '3'),
('90049-22077', 'BHD-08', 'MR005', 'KG048', 'SK048', 'SP11110009', 'BRAKE HOSE RR S75', '', 24500.00, '3'),
('90049-22090', 'BHD-06', 'MR005', 'KG051', 'SK051', 'SP11110009', 'BRAKE HOSE RR F70', '', 24500.00, '3'),
('90049-22122', 'BHD-04', 'MR005', 'KG049', 'SK049', 'SP11110009', 'BRAKE HOSE FRT S88', '', 24500.00, '3'),
('90049-22124', 'BHD-09', 'MR005', 'KG049', 'SK049', 'SP11110009', 'BRAKE HOSE RR S88', '', 24500.00, '3'),
('9004A-31023', 'SKT-02', 'MR001', 'KG258', 'SK259', 'SP11110006', 'SEAL KLEP TYPE "A" AVANZA/RUSH', '', 7800.00, '1'),
('90080-31085', 'SKT-03', 'MR001', 'KG157', 'SK159', 'SP11110006', 'SEAL KLEP TYPE "A" INNOVA BENSIN', '', 9300.00, '1'),
('900949-22098', 'BHD-02', 'MR005', 'KG040', 'SK040', 'SP11110009', 'BRAKE HOSE (L-S-P) F70', '', 33500.00, '3'),
('90119-BZ021', 'BCT-01', 'MR001', 'KG016', 'SK017', 'SP11110007', 'BAUT CALIPER WITH BUSH AVANZA', '', 20000.00, '1'),
('90913-02092', 'SKT-04', 'MR001', 'KG158', 'SK160', 'SP11110006', 'SEAL KLEP TYPE "A" INNOVA DIESEL', '', 9300.00, '1'),
('90913-02094', 'SKT-01', 'MR001', 'KG038', 'SK037', 'SP11110006', 'SEAL KLEP TYPE "A" 5K', '', 7000.00, '1'),
('90919-02148', 'CLT-02', 'MR001', 'KG045', 'SK045', 'SP11120002', 'COIL RESISTOR LUAR TYPE ORISINAL KIJANG', '', 328900.00, '1'),
('90919-02149', 'CLT-01', 'MR001', 'KG045', 'SK045', 'SP11120002', 'COIL RESISTOR DALAM TYPE ORISINIL KIJANG', '', 314500.00, '1'),
('90919-21505', 'CPT-01', 'MR001', 'KG038', 'SK037', 'SP11110001', 'KABEL BUSI/CORD PLUG MERK SUMITOMO/YAZAKI 5K', '', 85800.00, '1'),
('90919-21605', 'CPT-02', 'MR001', 'KG011', 'SK012', 'SP11110001', 'KABEL BUSI/CORD PLUG MERK SUMITOMO/YAZAKI 7K', '', 85800.00, '1'),
('90919-21606', 'CPT-03', 'MR001', 'KG204', 'SK206', 'SP11110001', 'KABEL BUSI/CORD PLUG MERK SUMITOMO/YAZAKI 7K EFI', '', 148000.00, '1'),
('90947-00230', 'BHT-09', 'MR001', 'KG046', 'SK046', 'SP11110009', 'BRAKE HOSE RR (L-P) 2F', '', 24500.00, '3'),
('90947-02122', 'BHT-02', 'MR001', 'KG045', 'SK045', 'SP11110009', 'BRAKE HOSE FRT (P-P) KF20/30', '', 24500.00, '3'),
('90947-02224', 'BHT-01', 'MR001', 'KG045', 'SK045', 'SP11110009', 'BRAKE HOSE FRT (L-P) KF 30/70/HIACE', '', 24500.00, '3'),
('90947-02228', 'BHT-05', 'MR001', 'KG046', 'SK046', 'SP11110009', 'BRAKE HOSE FRT (L-P)', '', 24500.00, '3'),
('90947-02373', 'BHT-10', 'MR001', 'KG010', 'SK011', 'SP11110009', 'BRAKE HOSE RR (L-P) RINO 115', '', 24500.00, '3'),
('90947-02805', 'BHT-07', 'MR001', 'KG009', 'SK010', 'SP11110009', 'BRAKE HOSE FRT (P-P) DYNA 125', '', 33500.00, '3'),
('90947-02827', 'BHT-04', 'MR001', 'KG011', 'SK012', 'SP11110009', 'BRAKE HOSE FRT (LBT-P) 7K', '', 33500.00, '3'),
('90947-02878', 'BHT-11', 'MR001', 'KG009', 'SK010', 'SP11110009', 'BRAKE HOSE RR (L-P) DYNA 125', '', 33500.00, '3'),
('90987-01003', 'RLT-01', 'MR001', 'KG045', 'SK045', 'SP11110001', 'RELLAY LAMPU K-3 KIJANG', '', 14500.00, '1'),
('90987-02004', 'RLT-02', 'MR001', 'KG045', 'SK045', 'SP11110001', 'RELLAY LAMPU K-4 KIJANG', '', 14500.00, '1'),
('96821-50340', 'CHT-01', 'MR001', 'KG011', 'SK012', 'SP11110009', 'CLUTCH HOSE 7K', '', 22500.00, '3'),
('96940-32805', 'BHT-03', 'MR001', 'KG038', 'SK037', 'SP11110009', 'BRAKE HOSE FRT (L-P) 5K DISC', '', 24500.00, '3'),
('96940-33205', 'BHT-08', 'MR001', 'KG038', 'SK037', 'SP11110009', 'BRAKE HOSE RR (L-P) 5K', '', 24500.00, '3'),
('96950-34105', 'BHT-06', 'MR001', 'KG010', 'SK011', 'SP11110009', 'BRAKE HOSE FRT (P-P) RINO 115', '', 24500.00, '3'),
('B0001', 'CD-0001', 'MR001', 'KG001', 'SK002', 'SP11080002', 'Ban Mobil', 'Just Note aja', 300000.00, '3'),
('B0002', 'CD-0002', 'MR003', 'KG002', 'SK003', 'SP11080002', 'Bemper Depan', '', 500000.00, '3'),
('B001', 'CD-001', 'MR007', 'KG034', 'SK001', 'SP11110001', 'Alteri', '', 450000.00, '3'),
('BN-100FL', 'HBM-02', 'MR004', 'KG188', 'SK190', 'SP11110002', 'HUB BOLT/BAUT RODA MERK HG "A" DEPAN LH PS100/120', '', 30000.00, '1'),
('BN-100FR', 'HBM-01', 'MR008', 'KG188', 'SK190', 'SP11110002', 'HUB BOLT/ BAUT RODA MEREK HG "A" DEPAN RH PS100/120', '', 30000.00, '1'),
('BN-100RL', 'HBM-04', 'MR004', 'KG188', 'SK190', 'SP11110002', 'HUB BOLT/BAUT RODA MERK HG "A" BELAKANG LH PS 100/120', '', 33650.00, '1'),
('BN-100RR', 'HBM-03', 'MR004', 'KG188', 'SK190', 'SP11110002', 'HUB BOLT/BAUT RODA MERK HG "A" BELAKANG RH PS 100/120', '', 33650.00, '1'),
('BN-135FL', 'HBM-06', 'MR004', 'KG189', 'SK191', 'SP11110002', 'BUB BOLT/BAUT RODA MERK HG "A" DEPAN LH PS INTERCOOLER', '', 33650.00, '1'),
('BN-135FR', 'HBM-05', 'MR004', 'KG189', 'SK191', 'SP11110002', 'HUB BOLT/BAUT RODA MERK HG "A" DEPAN RH PS INTERCOOLER', '', 33650.00, '1'),
('BN-135RL', 'HBM-08', 'MR004', 'KG189', 'SK191', 'SP11110002', 'HUB BOLT/BAUT RODA MERK HG "A" BELAKANG LH PS INTERCOOLER', '', 38600.00, '1'),
('BN-135RR', 'HBM-07', 'MR004', 'KG189', 'SK191', 'SP11110002', 'HUB BOLT/BAUT RODA MERK HG "A" BELAKANG RH PS INTERCOOLER', '', 38600.00, '1'),
('BN-3IN1RL', 'HBM-14', 'MR004', 'KG190', 'SK192', 'SP11110002', 'HUB BOLT/BAUT RODA MERK HG "A" BELAKANG LH 3 IN 1', '', 48300.00, '1'),
('BN-3IN1RR', 'HBM-13', 'MR004', 'KG190', 'SK192', 'SP11110002', 'HUB BOLT/BAUT RODA MERK HG "A" BELAKANG RH 3 IN 1', '', 48300.00, '1'),
('BN-CKRL', 'HBN-02', 'MR008', 'KG061', 'SK061', 'SP11110002', 'HUB BOLT/BAUT RODA MERK HG "A" BELAKANG LH CK12', '', 45500.00, '1'),
('BN-CKRR', 'HBN-01', 'MR008', 'KG061', 'SK061', 'SP11110002', 'HUB BOLT/BAUT RODA MERK HG "A" BELAKANG RH CK12', '', 45500.00, '1'),
('BN-FUSOFL', 'HBM-10', 'MR004', 'KG052', 'SK052', 'SP11110002', 'HUB BOLT/BAUT RODA MERK HG "A" DEPAN LH FUSO', '', 33750.00, '1'),
('BN-FUSOFR', 'HBM-09', 'MR004', 'KG052', 'SK052', 'SP11110002', 'HUB BOLT/BAUT RODA MERK HG "A" DEPAN RH FUSO', '', 33750.00, '1'),
('BN-FUSORL', 'HBM-12', 'MR004', 'KG052', 'SK052', 'SP11110002', 'HUB BOLT/BAUT RODA MERK HG "A" BELAKANG LH FUSO', '', 38600.00, '1'),
('BN-FUSORR', 'HBM-11', 'MR004', 'KG052', 'SK052', 'SP11110002', 'HUB BOLT/BAUT RODA MERK HG "A" BELAKANG RH FUSO', '', 38600.00, '1'),
('BN-HINOFL', 'HBH-02', 'MR011', 'KG191', 'SK193', 'SP11110002', 'HUB BOLT/BAUT RODA MERK HG "A" DEPAN LH HINO JUMBO', '', 33750.00, '1'),
('BN-HINOFR', 'HBH-01', 'MR011', 'KG191', 'SK193', 'SP11110002', 'HUB BOLT/BAUT RODA MERK HG "A" DEPAN RH HINO JUMBO', '', 33750.00, '1'),
('BN-HINOK1RL', 'HBH-06', 'MR011', 'KG192', 'SK194', 'SP11110002', 'HUB BOLT/BAUT RODA MERK HG "A" BELAKANG RL HINO K1', '', 39000.00, '1'),
('BN-HINOK1RR', 'HBH-05', 'MR011', 'KG192', 'SK194', 'SP11110002', 'HUB BOLT/BAUT RODA MERK HG "A" BELAKANG RH HINO K1', '', 39000.00, '1'),
('BN-HINOK2RL', 'HBH-08', 'MR011', 'KG193', 'SK195', 'SP11110002', 'HUB BOLT/BAUT RODA MERK HG "A" BELAKANG RL HINO K2', '', 39000.00, '1'),
('BN-HINOK2RR', 'HBH-07', 'MR011', 'KG193', 'SK195', 'SP11110002', 'HUB BOLT/BAUT RODA MERK HG "A" BELAKANG RR HINO K2', '', 39000.00, '1'),
('BN-HINORL', 'HBH-04', 'MR011', 'KG191', 'SK193', 'SP11110002', 'HUB BOLT/BAUT RODA MERK HG "A" BELAKANG LH HINO JUMBO', '', 38600.00, '1'),
('BN-HINORR', 'HBH-03', 'MR004', 'KG191', 'SK193', 'SP11110002', 'HUB BOLT/BAUT RODA MERK HG "A" BELAKANG RH HINO JUMBO', '', 38600.00, '1'),
('BN-NKR66LH', 'HBI-02', 'MR002', 'KG174', 'SK176', 'SP11110002', 'HUB BOLT/BAUT RODA MERK HG "A" BELAKANG LH NKR 66', '', 38600.00, '1'),
('BN-NKR66RH', 'HBI-01', 'MR002', 'KG174', 'SK176', 'SP11110002', 'HUB BOLT/BAUT RODA MERK HG "A" BELAKANG RH NKR 66', '', 38600.00, '1'),
('BN-RINOFL', 'HBT-02', 'MR001', 'KG125', 'SK127', 'SP11110002', 'HUB BOLT/BAUT RODA MERK HG "A" DEPAN LH RINO 115/14B', '', 33750.00, '1'),
('BN-RINOFR', 'HBT-01', 'MR001', 'KG125', 'SK127', 'SP11110002', 'HUB BOLT/BAUT RODA MERK HG "A" DEPAN RH RINO 115/14B', '', 33750.00, '1'),
('BN-RINORL', 'HBT-04', 'MR001', 'KG125', 'SK127', 'SP11110002', 'HUB BOLT/BAUT RODA MERK HG "A" BELAKANG LH RINO 115/14B', '', 38600.00, '1'),
('BN-RINORR', 'HBT-03', 'MR001', 'KG125', 'SK127', 'SP11110002', 'HUB BOLT/BAUT RODA MERK HG "A" BELAKANG RH RINO 115/14B', '', 38600.00, '1'),
('D8520-EW00A', 'TRN-01', 'MR008', 'KG285', 'SK033', 'SP11110005', 'TIE ROD END GRAND LIVINA', '', 112000.00, '1'),
('FD316', 'ABS-01', 'MR003', 'KG004', 'SK004', 'SP11110001', 'ALTERNATOR BRUSH EXTRA/S89', '', 4300.00, '3'),
('FI357', 'ABI-01', 'MR002', 'KG003', 'SK003', 'SP11110001', 'ALTERNATOR BRUSH PHT/KBD25', '', 4300.00, '3'),
('FJ-138', 'SBM-04', 'MR004', 'KG253', 'SK254', 'SP11110001', 'STARTER BRUSH T120/4K', '', 12600.00, '1'),
('FJ-151', 'SBM-02', 'MR004', 'KG019', 'SK020', 'SP11110001', 'STARTER BRUSH L300', '', 12600.00, '1'),
('FJ-192', 'SBM-03', 'MR004', 'KG005', 'SK005', 'SP11110001', 'STARTER BRUSH PS100', '', 14500.00, '1'),
('FJ323', 'ABT-01', 'MR001', 'KG001', 'SK001', 'SP11110001', 'ALTERNATOR BRUSH 4K', '', 4300.00, '3'),
('FM-161', 'SBM-1', 'MR004', 'KG116', 'SK118', 'SP11110001', 'STARTER BRUSH FM 215', '', 24000.00, '1'),
('FS-125', 'SBD-1', 'MR005', 'KG255', 'SK256', 'SP11110001', 'STARTER BRUSH S88/5K/CARRY EXTRA', '', 9500.00, '1'),
('FT-128', 'SBT-01', 'MR001', 'KG254', 'SK255', 'SP11110001', 'STARTER BRUSH RINO/V22', '', 24000.00, '1'),
('FT313', 'ABT-02', 'MR001', 'KG002', 'SK002', 'SP11110001', 'ALTERNATOR BRUSH RINO115/F70', '', 4300.00, '3'),
('GS-H3', 'SSTM-02', 'MR004', 'KG244', 'SK245', 'SP11110001', 'SWITCH STOP FM 215/516', '', 10500.00, '1'),
('GS-M2B', 'SSTM-01', 'MR004', 'KG256', 'SK257', 'SP11110001', 'SWITCH STOP PS100/T120', '', 10500.00, '1'),
('GS-S1', 'SSTI-01', 'MR002', 'KG173', 'SK175', 'SP11110001', 'SWITCH STOP KBD 25', '', 11900.00, '1'),
('GS-T4', 'SSTD-02', 'MR005', 'KG165', 'SK167', 'SP11110001', 'SWITCH STOP S75/S88', '', 10500.00, '1'),
('GS-TB', 'SSTD-01', 'MR005', 'KG050', 'SK050', 'SP11110001', 'SWITCH STOP S89', '', 10500.00, '1'),
('HF-312', 'FRU-01', 'MR009', 'KG183', 'SK185', 'SP11110001', 'FLASHER G-BOX K-2 12V WHITE UNIVERSAL', '', 8000.00, '1'),
('HF-324', 'FRU-02', 'MR009', 'KG183', 'SK185', 'SP11110001', 'FLASHER G-BOX K-2 24V WHITE UNIVERSAL', '', 8000.00, '1'),
('K-008', 'BOD-01', 'MR005', 'KG048', 'SK100', 'SP11110003', 'BRAKE SHOE ORIGAWA FR S10-P/S75', '', 72000.00, '1'),
('K-008A', 'BOD-02', 'MR005', 'KG100', 'SK101', 'SP11110003', 'BRAKE SHOE ORIGAWA RR S10-P', '', 72000.00, '1'),
('K-017', 'BOD-05', 'MR005', 'KG076', 'SK077', 'SP11110003', 'BRAKE SHOE ORIGAWA FR/RR F50"79-83', '', 113000.00, '1'),
('K-021', 'BOD-03', 'MR005', 'KG048', 'SK048', 'SP11110003', 'BRAKE SHOE ORIGAWA RR S75', '', 72000.00, '1'),
('K-022', 'BOD-06', 'MR005', 'KG101', 'SK102', 'SP11110003', 'BRAKE SHOE ORIGAWA RR F70/FEROZA"81-96', '', 113000.00, '1'),
('K-023', 'BOD-07', 'MR005', 'KG102', 'SK103', 'SP11110003', 'BRAKE SHOE ORIGAWA RR CHARADE G11', '', 113000.00, '1'),
('K-031', 'BOD-04', 'MR005', 'KG013', 'SK014', 'SP11110003', 'BRAKE SHOE ORIGAWA FR S88/S89', '', 92000.00, '1'),
('K-034', 'BOD-09', 'MR005', 'KG104', 'SK105', 'SP11110003', 'BRAKE SHOE ORIGAWA FR/RR CLASSY/G-100', '', 93000.00, '1'),
('K-044', 'BOD-08', 'MR005', 'KG103', 'SK104', 'SP11110003', 'BRAKE SHOE ORIGAWA RR ROCKY', '', 173000.00, '1'),
('K-1027', 'BSN-01', 'MR007', 'KG031', 'SK032', 'SP11110003', 'BRAKE SHOE ORIGAWA RR TERANO', '', 215000.00, '1'),
('K-203', 'BOT-06', 'MR001', 'KG082', 'SK083', 'SP11110003', 'BRAKE SHOE ORIGAWA RR COROLA DX"73-81', '', 99000.00, '1'),
('K-22', 'BOI-02', 'MR002', 'KG105', 'SK106', 'SP11110003', 'BRAKE SHOE ORIGAWA RR KBD25"75-80', '', 162000.00, '1'),
('K-221', 'BOT-02', 'MR001', 'KG079', 'SK080', 'SP11110003', 'BRAKE SHOE ORIGAWA FR/RR LANDCRUISER "69-80 1F BENSIN', '', 229000.00, '1'),
('K-240', 'BOT-05', 'MR001', 'KG081', 'SK082', 'SP11110003', 'BRAKE SHOE ORIGAWA RR HIACE', '', 161800.00, '1'),
('K-255', 'BOT-03', 'MR001', 'KG080', 'SK081', 'SP11110003', 'BRAKE SHOE ORIGAWA FR/RR LANDCRUISER "72-80 2F BENSIN', '', 229000.00, '1'),
('K-256', 'BOT-04', 'MR001', 'KG081', 'SK082', 'SP11110003', 'BRAKE SHOE ORIGAWA FR HIACE', '', 129000.00, '1'),
('K-280', 'BOT-01', 'MR001', 'KG078', 'SK079', 'SP11110003', 'BRAKE SHOE ORIGAWA RR LANDCRUISER "81-83 BJ40 DIESEL', '', 229000.00, '1'),
('K-285A', 'BOT-08', 'MR001', 'KG084', 'SK085', 'SP11110003', 'BRAKE SHOE ORIGAWA RR COROLLA NEW"86-96', '', 98500.00, '1'),
('K-288', 'BOT-07', 'MR001', 'KG083', 'SK084', 'SP11110003', 'BRAKE SHOE ORIGAWA RR GL/TW CAM/GREAT/SL', '', 98500.00, '1'),
('K-290A', 'BOT-09', 'MR001', 'KG085', 'SK086', 'SP11110003', 'BRAKE SHOE ORIGAWA RR STARLET "85-96', '', 95000.00, '1'),
('K-378', 'BSK-01', 'MR007', 'KG110', 'SK111', 'SP11110003', 'BRAKE SHOE ORIGAWA RR TIMOR', '', 85000.00, '1'),
('K-421', 'BOI-01', 'MR002', 'KG105', 'SK106', 'SP11110003', 'BRAKE SHOE ORIGAWA FR KBD 25"75-80', '', 149300.00, '1'),
('K-431', 'BOI-03', 'MR002', 'KG106', 'SK107', 'SP11110003', 'BRAKE SHOE ORIGAWA RR KBD 26"81-84', '', 130500.00, '1'),
('K-434', 'BOI-04', 'MR002', 'KG107', 'SK108', 'SP11110003', 'BRAKE SHOE ORIGAWA FR/RR PS77/NHR 55 ENGKEL', '', 167900.00, '1'),
('K-524', 'BSH-01', 'MR007', 'KG108', 'SK109', 'SP11110003', 'BRAKE SHOE ORIGAWA RR CRV/STREAM', '', 105000.00, '1'),
('K-533', 'BSH-02', 'MR007', 'KG029', 'SK028', 'SP11110003', 'BRAKE SHOE ORIGAWA RR JAZZ', '', 105000.00, '1'),
('K-626', 'BOM-07', 'MR004', 'KG087', 'SK088', 'SP11110003', 'BRAKE SHOE ORIGAWA RR GALLANT 1.6"78-81', '', 150000.00, '1'),
('K-628', 'BOM-01', 'MR004', 'KG037', 'SK066', 'SP11110003', 'BRAKE SHOE ORIGAWA FR L100"75-80', '', 96000.00, '1'),
('K-629', 'BOM-02', 'MR004', 'KG037', 'SK066', 'SP11110003', 'BRAKE SHOE ORIGAWA RR L100"75-80', '', 96000.00, '1'),
('K-636', 'BOM-09', 'MR004', 'KG088', 'SK089', 'SP11110003', 'BRAKE SHOE ORIGAWA RR LANCER "81-83', '', 110000.00, '1'),
('K-646', 'BOM-08', 'MR004', 'KG087', 'SK088', 'SP11110003', 'BRAKE SHOE ORIGAWA RR GALLANT"84-86', '', 150000.00, '1'),
('K-649', 'BOM-03', 'MR001', 'KG037', 'SK066', 'SP11110003', 'BRAKE SHOE ORIGAWA FR L100"81-83', '', 120000.00, '1'),
('K-657', 'BOM-04', 'MR004', 'KG037', 'SK066', 'SP11110003', 'BRAKE SHOE ORIGAWA RR L100"81-83', '', 120000.00, '1'),
('K-666', 'BOM-10', 'MR004', 'KG022', 'SK023', 'SP11110003', 'BRAKE SHOE ORIGAWA RR KUDA', '', 130000.00, '1'),
('K-669', 'BOM-11', 'MR004', 'KG087', 'SK088', 'SP11110003', 'BRAKE SHOE ORIGAWA RR GALLANT "86-89', '', 153000.00, '1'),
('K-670', 'BOM-12', 'MR004', 'KG088', 'SK089', 'SP11110003', 'BRAKE SHOE ORIGAWA RR LANCER "84-88', '', 105000.00, '1'),
('K-674', 'BOM-13', 'MR004', 'KG089', 'SK090', 'SP11110003', 'BRAKE SHOE ORIGAWA RR DANGAN SOHC "88-89', '', 115000.00, '1'),
('K-697', 'BOM-05', 'MR004', 'KG086', 'SK087', 'SP11110003', 'BRAKE SHOE ORIGAWA FR JETSTAR"84-86', '', 105000.00, '1'),
('K-698', 'BOM-06', 'MR004', 'KG086', 'SK087', 'SP11110003', 'BRAKE SHOE ORIGAWA RR JETSTAR"84-86', '', 105000.00, '1'),
('K-807', 'BSHN-01', 'MR007', 'KG109', 'SK110', 'SP11110003', 'BRAKE SHOE ORIGAWA FR EH700/PS190', '', 377000.00, '1'),
('K-808', 'BSHN-02', 'MR007', 'KG109', 'SK110', 'SP11110003', 'BRAKE SHOE ORIGAWA RR EH700/PS190', '', 377000.00, '1'),
('K-907', 'BSS-01', 'MR003', 'KG090', 'SK091', 'SP11110003', 'BRAKE SHOE ORIGAWA FR/RR ST20"75-84', '', 70000.00, '1'),
('K-909', 'BSS-02', 'MR003', 'KG091', 'SK092', 'SP11110003', 'BRAKE SHOE ORIGAWA FR/RR LJ80"75-82', '', 123000.00, '1'),
('K-910', 'BSS-03', 'MR003', 'KG054', 'SK054', 'SP11110003', 'BRAKE SHOE ORIGAWA FR/RR EXTRA', '', 77800.00, '1'),
('K-913', 'BSS-06', 'MR003', 'KG094', 'SK095', 'SP11110003', 'BRAKE SHOE ORIGAWA RR SJ410 OLD"83-85', '', 93000.00, '1'),
('K-914', 'BSS-08', 'MR003', 'KG096', 'SK097', 'SP11110003', 'BRAKE SHOE ORIGAWA RR FORSA', '', 93000.00, '1'),
('K-915', 'BSS-10', 'MR003', 'KG098', 'SK099', 'SP11110003', 'BRAKE SHOE ORIGAWA RR APV', '', 98800.00, '1'),
('K-917', 'BSS-05', 'MR003', 'KG093', 'SK094', 'SP11110003', 'BRAKE SHOE ORIGAWA RR KATANA', '', 93000.00, '1'),
('K-923', 'BSS-04', 'MR003', 'KG092', 'SK093', 'SP11110003', 'BRAKE SHOE ORIGAWA RR FUTURA/T120SS', '', 77800.00, '1'),
('K-933', 'BSS-09', 'MR003', 'KG097', 'SK098', 'SP11110003', 'BRAKE SHOE ORIGAWA RR AMENITY/ESTEEM', '', 90000.00, '1'),
('K-942', 'BSS-07', 'MR003', 'KG095', 'SK096', 'SP11110003', 'BRAKE SHOE ORIGAWA RR VITARA/ESCUDO', '', 115000.00, '1'),
('KACHIMATSU', 'FNT-01', 'MR001', 'KG045', 'SK045', 'SP11110007', 'FILTER BENSIN KIJANG', '', 12500.00, '3'),
('KF-23', 'KPSM-02', 'MR004', 'KG146', 'SK148', 'SP11110001', 'KING PIN SET FM 517', '', 355000.00, '3'),
('M-554950', 'BFF-02', 'MR004', 'KG063', 'SK063', 'SP11110001', 'BODY  FUEL FILTER G-BOX L038', '', 87000.00, '1'),
('M025-27-261A', 'PSF-01', 'MR006', 'KG036', 'SK036', 'SP11110001', 'PINION SHAFT RANGER', '', 40000.00, '1'),
('M191T22271', 'BDM-12', 'MR004', 'KG053', 'SK053', 'SP11110001', 'BENDIX STATER 9T T120SS', '', 39000.00, '3'),
('M191T30971', 'BDM-05', 'MR004', 'KG019', 'SK020', 'SP11110001', 'BENDIX STATER L300 9T', '', 39000.00, '3'),
('M191T33271', 'BDM-04', 'MR004', 'KG057', 'SK057', 'SP11110001', 'BENDIX STATER L300 OLD 8T', '', 39000.00, '3'),
('M191T33371', 'BDM-03', 'MR004', 'KG056', 'SK056', 'SP11110001', 'BENDIX STATER 8T L300 DLX', '', 39000.00, '3'),
('M191T80171', 'BDM-01', 'MR004', 'KG055', 'SK055', 'SP11110001', 'BENDIX STATER FE79', '', 56000.00, '3'),
('M191X68471', 'BDM-06', 'MR004', 'KG044', 'SK044', 'SP11110001', 'BENDIX STATER L039 12T', '', 55000.00, '3'),
('M357T67571', 'BDM-10', 'MR004', 'KG058', 'SK058', 'SP11110001', 'BENDIX STATER PS135', '', 110000.00, '3'),
('M357T71671', 'BDM-07', 'MR004', 'KG005', 'SK005', 'SP11110001', 'BENDIX STATER PS100', '', 99000.00, '3'),
('M357T72672', 'BDM-09', 'MR004', 'KG006', 'SK007', 'SP11110001', 'BENDIX STATER PS120', '', 99000.00, '3'),
('M357X73571', 'BDM-02', 'MR004', 'KG052', 'SK052', 'SP11110001', 'BENDIX STATER FM 215', '', 105000.00, '3'),
('MB-000049', 'FPSM-02', 'MR004', 'KG005', 'SK005', 'SP11110001', 'FLANGE PROP SHAFT PS100', '', 80000.00, '1'),
('MB-000110', 'SSM-02', 'MR004', 'KG005', 'SK005', 'SP11110001', 'SPLINE SHAFT (REAR) PS100', '', 116000.00, '1'),
('MB-000225', 'PSOM-01', 'MR004', 'KG005', 'SK005', 'SP11110001', 'PROPELER SHAFT ONLY PS100', '', 300000.00, '1'),
('MB-000249', 'SSM-01', 'MR004', 'KG005', 'SK005', 'SP11110001', 'SPLINE SHAFT (FRONT) PS100', '', 99000.00, '1'),
('MB-000267', 'JKM-02', 'MR004', 'KG005', 'SK005', 'SP11110002', 'UNIVERSAL JOINT/JOINT KOPEL KETOK 3BERLIAN TYPE "A" PS100', '', 70000.00, '1'),
('MB-000826', 'JKM-01', 'MR004', 'KG019', 'SK020', 'SP11110002', 'UNIVERSAL JOINT/JOINT KOPEL KETOK 3BERLIAN TYPE "A" L300', '', 60000.00, '1'),
('MB-003207', 'PSM-02', 'MR004', 'KG243', 'SK244', 'SP11110001', 'PINION SHAFT L300/T120', '', 22500.00, '1'),
('MB-003208', 'PSM-03', 'MR004', 'KG063', 'SK063', 'SP11110001', 'PINION SHAFT L038', '', 30000.00, '1'),
('MB-004447', 'BHM-04', 'MR004', 'KG044', 'SK044', 'SP11110009', 'BRAKE HOSE FRT L300 D', 'AGUNG', 24500.00, '3'),
('MB-005035', 'WHM-04', 'MR004', 'KG291', 'SK292', 'SP11110005', 'WHEEL HUB/NAP RODA TYPE "A" REAR PS100 DOUBLE', '', 520000.00, '1'),
('MB-005036', 'WHM-02', 'MR004', 'KG290', 'SK291', 'SP11110005', 'WHEEL HUB/NAP RODA TYPE "A" REAR PS100 ENGKEL', '', 455000.00, '1'),
('MB-005252', 'CWM-01', 'MR004', 'KG005', 'SK005', 'SP11110002', 'CROWN WHEEL TYPE A 6X37 PS100', '', 965000.00, '1'),
('MB-006065', 'HFFM-03', 'MR004', 'KG005', 'SK005', 'SP11110001', 'HEAD FUEL FILTER PS100', '', 75000.00, '1'),
('MB-006809', 'TMM-01', 'MR004', 'KG019', 'SK020', 'SP11110007', 'TRANS MOUNTING "B" L 300', '', 42000.00, '3'),
('MB-012252', 'CHM-04', 'MR004', 'KG073', 'SK074', 'SP11110009', 'CLUCH HOSE L300D', '', 30000.00, '3'),
('MB-037884', 'FOM-01', 'MR004', 'KG019', 'SK020', 'SP11110001', 'FUSES BOX G-BOX BLACK L300', 'SS', 27000.00, '1'),
('MB-037885', 'FOM-03', 'MR004', 'KG059', 'SK007', 'SP11110001', 'FUSES BOX G-BOX WHITE T120', 'SS', 22750.00, '1'),
('MB-044838', 'BKM-06', 'MR004', 'KG072', 'SK073', 'SP11110001', 'BRAKE MASTER KIT G-BOX L300 B"83', 'MEDAN JAYA', 60000.00, '1'),
('MB-058592', 'BHM-03', 'MR004', 'KG019', 'SK020', 'SP11110009', 'BRAKE HOSE FRT L300', 'AGUNG', 24500.00, '3'),
('MB-058830', 'BMM-06', 'MR004', 'KG071', 'SK072', 'SP11110001', 'BRAKE MASTER ASSY BESI G-BOX 15/16 T120"78', '', 230000.00, '1'),
('MB-058835', 'BKM-04', 'MR004', 'KG071', 'SK072', 'SP11110001', 'BRAKE MASTER KIT G-BOX T120"78', 'MEDAN JAYA', 60000.00, '1'),
('MB-060470', 'BHM-05', 'MR004', 'KG005', 'SK005', 'SP11110009', 'BRAKE HOSE FRT PS100', 'AGUNG', 24500.00, '3'),
('MB-06055', 'WHM-03', 'MR004', 'KG291', 'SK292', 'SP11110005', 'WHEEL HUB/NAP RODA TYPE "A" FRONT PS100  DOUBLE', '', 547000.00, '1'),
('MB-060577', 'BAM-02', 'MR004', 'KG005', 'SK005', 'SP11110001', 'BRAKE ADJUSTER (LH) RR PS100', '', 17500.00, '1'),
('MB-060578', 'BAM-01', 'MR004', 'KG005', 'SK005', 'SP11110001', 'BRAKE ADJUSTER (RH) RR PS100', '', 17500.00, '1'),
('MB-060852', 'BHM-11', 'MR004', 'KG005', 'SK005', 'SP11110009', 'BRAKE HOSE RR PS100', 'AGUNG', 24500.00, '3'),
('MB-080108', 'DRM-01', 'MR004', 'KG005', 'SK005', 'SP11110001', 'DRAG LINK ASSY PS100', '', 164000.00, '1'),
('MB-080108A', 'DRM-02', 'MR004', 'KG005', 'SK005', 'SP11110005', 'DRAG LINK ASSY "A" PS100', '', 221000.00, '1'),
('MB-082335', 'PCM-01', 'MR004', 'KG019', 'SK020', 'SP11110005', 'PISTON CALIPER L300', '', 59000.00, '3'),
('MB-092513', 'CBM-01', 'MR004', 'KG019', 'SK020', 'SP11110001', 'CASE BEARING L300', '', 80000.00, '1'),
('MB-094384', 'BSM-01', 'MR004', 'KG020', 'SK021', 'SP11110003', 'BRAKE SHOE L200', '', 228000.00, '3'),
('MB-098426', 'STSM-03', 'MR008', 'KG188', 'SK190', 'SP11110002', 'SWITCH TURN SIGNAL MERK CARMATCH PS 100/120', '', 127500.00, '1'),
('MB-109585', 'BJM-01', 'MR004', 'KG019', 'SK020', 'SP11110005', 'BALL JOINT L300 ATAS KEMASAN PLASTIK', '', 73500.00, '3'),
('MB-109585A', 'BJM-02', 'MR004', 'KG019', 'SK020', 'SP11110005', 'BALL JOINT L300 ATAS KEMASAN DUS', '', 78650.00, '3'),
('MB-115029', 'FPIM-02', 'MR004', 'KG006', 'SK007', 'SP11110001', 'FLANGE PINION PS120', 'PAL', 92000.00, '1'),
('MB-118909', 'FBM-01', 'MR004', 'KG005', 'SK005', 'SP11110007', 'FAN BLADE TYPE "A" PS100', '', 86400.00, '1'),
('MB-118909B', 'FBBM-01', 'MR004', 'KG005', 'SK005', 'SP11110007', 'FAN BLADE TYPE "B" PS100', '', 60000.00, '1'),
('MB-150762', 'BHM-09', 'MR004', 'KG044', 'SK044', 'SP11110009', 'BRAKE HOSE RR L300DLX', 'AGUNG', 24500.00, '3'),
('MB-154292', 'FJM-04', 'MR004', 'KG056', 'SK056', 'SP11110001', 'FLANGE JOINT L300 DLX', 'PAL', 55000.00, '1'),
('MB-161192', 'CWM-02', 'MR004', 'KG005', 'SK005', 'SP11110002', 'CROWN WHEEL TYPE A 6X40 PS100', '', 965000.00, '1'),
('MB-161342', 'PSM-01', 'MR004', 'KG005', 'SK005', 'SP11110001', 'PINION SHAFT PS100', '', 49000.00, '1'),
('MB-162646', 'CHM-05', 'MR004', 'KG005', 'SK005', 'SP11110009', 'CLUTCH HOSE PS100', '', 22500.00, '3'),
('MB-165000', 'CMM-04', 'MR004', 'KG117', 'SK119', 'SP11110001', 'CLUTCH MASTER ASSY G-BOX FE', '', 90000.00, '1'),
('MB-165130', 'CMM-01', 'MR004', 'KG114', 'SK116', 'SP11110001', 'CLUTCH MASTER ASSY G-BOX PS100/L300', '', 80000.00, '1'),
('MB-165195', 'CTM-02', 'MR004', 'KG114', 'SK116', 'SP11110001', 'CLUTCH MASTER KIT G-BOX PS100/L300', 'MEDAN JAYA', 29000.00, '1'),
('MB-166420', 'DRM-07', 'MR004', 'KG019', 'SK020', 'SP11110001', 'DRAG LINK KTB L300', '', 83000.00, '1'),
('MB-166420A', 'DRM-06', 'MR004', 'KG019', 'SK020', 'SP11110005', 'DRAG LINK ASSY "A" L300', '', 132500.00, '1'),
('MB-166423', 'BCM-01', 'MR004', 'KG019', 'SK020', 'SP11110005', 'BELL CRANK L300', '', 186000.00, '3'),
('MB-166425', 'CAM-01', 'MR004', 'KG019', 'SK020', 'SP11110005', 'CENTER ARM TYPE "A" L300', '', 185000.00, '1'),
('MB-166425A', 'CAM-02', 'MR004', 'KG019', 'SK020', 'SP11110001', 'CENTER ARM WITH BEARING L300', '', 160000.00, '1'),
('MB-166426/27', 'TRM-01', 'MR004', 'KG019', 'SK020', 'SP11110005', 'TIE ROD END DUS KTB "TW" L300', '', 100100.00, '1'),
('MB-166428', 'IAM-01', 'MR004', 'KG019', 'SK020', 'SP11110005', 'IDLE ARM TYPE "A" L300', '', 210000.00, '1'),
('MB-175544', 'BJM-03', 'MR004', 'KG019', 'SK020', 'SP11110005', 'BALL JOINT L300 BWH KEMASAN PLASTIK', '', 87900.00, '3'),
('MB-175544A', 'BJM-04', 'MR004', 'KG019', 'SK020', 'SP11110005', 'BALL JOINT L300 BWH KEMASAN DUS', '', 90000.00, '3'),
('MB-175577', 'KAFM-01', 'MR004', 'KG019', 'SK020', 'SP11110001', 'KNUCKLE AXLE FRONT L300', '', 550000.00, '1'),
('MB-193530', 'CIM-01', 'MR004', 'KG019', 'SK020', 'SP11110007', 'CALIPER KIT TYPE "A" L300', '', 21000.00, '1'),
('MB-210438', 'BJM-10', 'MR004', 'KG022', 'SK023', 'SP11110005', 'BALL JOINT KUDA BAWAH', '', 144000.00, '3'),
('MB-238461', 'BMM-02', 'MR004', 'KG037', 'SK066', 'SP11110001', 'BRAKE MASTER ASSY BESI G-BOX L100', '', 231000.00, '1'),
('MB-241981', 'CWM-12', 'MR004', 'KG124', 'SK126', 'SP11110001', 'CROWN WHEEL 7X37 L300/FUTURA', '', 781000.00, '1'),
('MB-243430', 'PATM-02', 'MR004', 'KG020', 'SK021', 'SP11110007', 'PIPA TIE ROD SHORT L200', '', 26000.00, '1'),
('MB-248213', 'FASM-01', 'MR004', 'KG063', 'SK063', 'SP11110001', 'FILTER ASSY/SENDI METER L038', '', 136000.00, '1'),
('MB-277422', 'BMM-04', 'MR004', 'KG056', 'SK056', 'SP11110001', 'BRAKE MASTER ASSY BESI G-BOX L300 DLX/DIESEL', '', 211000.00, '1'),
('MB-277431', 'BKM-07', 'MR004', 'KG044', 'SK044', 'SP11110001', 'BRAKE MASTER KIT G-BOX L300D', 'MEDAN JAYA', 60000.00, '1'),
('MB-290726', 'FPIM-04', 'MR004', 'KG063', 'SK063', 'SP11110001', 'FLANGE PINION L038', 'PAL', 70000.00, '1'),
('MB-293214', 'PSOM-03', 'MR004', 'KG179', 'SK181', 'SP11110001', 'PROPELER SHAFT ONLY PS100 NEW', '', 350000.00, '1'),
('MB-293352', 'FJM-05', 'MR004', 'KG006', 'SK007', 'SP11110001', 'FLANGE JOINT PS120', 'PAL', 80500.00, '1'),
('MB-295003', 'BKM-01', 'MR004', 'KG005', 'SK005', 'SP11110001', 'BRAKE MASTER KIT G-BOX PS100', 'MEDAN JAYA', 64350.00, '1'),
('MB-302736', 'STSM-01', 'MR004', 'KG058', 'SK058', 'SP11110002', 'SWITCH TURN SIGNAL PS135', '', 187500.00, '1'),
('MB-303856', 'LWM-01', 'MR004', 'KG043', 'SK043', 'SP11110005', 'LOWER ARM TYPE "A" L300 BENSIN', '', 284000.00, '1'),
('MB-308159', 'GPM-01', 'MR004', 'KG005', 'SK005', 'SP11120003', 'GEAR DIFF SET 2 BESAR, 2KECIL TYPE "A" PS100', '', 536250.00, '1'),
('MB-308159A', 'GPM-02', 'MR004', 'KG005', 'SK005', 'SP11110002', 'GEAR DIFF SET 2 BESAR, 2KECIL KETOK KTB PS100', '', 427500.00, '1'),
('MB-308901', 'ARM-01', 'MR004', 'KG005', 'SK006', 'SP11110002', 'AS RODA/SHAFT REAR AXLE PS100 KTB TIMBUL', '', 393500.00, '3'),
('MB-308903', 'ARM-02', 'MR004', 'KG006', 'SK007', 'SP11110002', 'AS RODA/ SHAFT REAR AXLE PS120 KTB TIMBUL', '', 421850.00, '3'),
('MB-328702', 'STSM-02', 'MR004', 'KG056', 'SK056', 'SP11110002', 'SWITCH TURN SIGNAL L300 DELUX', '', 138960.00, '1'),
('MB-337886', 'RGPM-01', 'MR004', 'KG063', 'SK063', 'SP11110001', 'RELLAY GLOG PLUG L038', '', 92000.00, '1'),
('MB-338226', 'FRM-01', 'MR004', 'KG019', 'SK020', 'SP11110001', 'FLASHER G-BOX L300', '', 13700.00, '1'),
('MB-348132', 'SFFM-01', 'MR004', 'KG063', 'SK063', 'SP11110001', 'SENSOR FUEL FILTER L038', '', 25000.00, '1'),
('MB-379246', 'SWM-01', 'MR004', 'KG245', 'SK246', 'SP11110001', 'STEERING WORM L039', '', 280000.00, '1'),
('MB-390038', 'RHM-07', 'MR004', 'KG006', 'SK007', 'SP11110007', 'RADIATOR HOSE ATAS PS 120', '', 31200.00, '3'),
('MB-390039', 'RHM-08', 'MR004', 'KG006', 'SK007', 'SP11110007', 'RADIATOR HOSE BAWAH PS 120', '', 40500.00, '3'),
('MB-390901', 'PGM-01', 'MR004', 'KG058', 'SK058', 'SP11110007', 'PEDAL GAS PS 135', '', 40000.00, '3'),
('MB-39943', 'LWM-03', 'MR004', 'KG044', 'SK044', 'SP11110005', 'LOWER ARM TYPE "A" LH L300 DIESEL', '', 297000.00, '1'),
('MB-39944', 'LWM-02', 'MR004', 'KG044', 'SK044', 'SP11110005', 'LOWER ARM TYPE "A" RH L300 DIESEL', '', 297000.00, '1'),
('MB-411540', 'PATM-01', 'MR004', 'KG058', 'SK058', 'SP11110007', 'PIPA TIE ROD PS135', '', 156000.00, '1'),
('MB-436912', 'STM-02', 'MR004', 'KG117', 'SK119', 'SP11110001', 'SWITCH TEMPERATUR FE', '', 16500.00, '1'),
('MB-449043', 'ICM-03', 'MR004', 'KG020', 'SK021', 'SP11110005', 'IC REGULATOR TYPE "A" L200', '', 203000.00, '1'),
('MB-51002', 'BKM-05', 'MR004', 'KG053', 'SK053', 'SP11110001', 'BRAKE MASTER KIT G-BOX T120SS', 'MEDAN JAYA', 60000.00, '1'),
('MB-527152', 'CWM-11', 'MR004', 'KG053', 'SK053', 'SP11110001', 'CROWN WHEEL 7X37 T120SS', '', 781000.00, '1'),
('MB-549934', 'BSM-02', 'MR004', 'KG043', 'SK043', 'SP11110003', 'BRAKE SHOE L300 BENSIN', '', 112000.00, '3'),
('MB-553421', 'STM-03', 'MR004', 'KG059', 'SK059', 'SP11110001', 'SWITCH TEMPERATUR T120', '', 16500.00, '1'),
('MB-557310', 'ICM-07', 'MR004', 'KG203', 'SK205', 'SP11110005', 'IC REGULATOR TYPE "A" T120SS INJECTION', '', 196000.00, '1'),
('MB-563207', 'FPSM-01', 'MR004', 'KG006', 'SK007', 'SP11110001', 'FLANGE PROP SHAFT PS120', '', 80000.00, '1'),
('MB-563602', 'SJAM-02', 'MR004', 'KG058', 'SK058', 'SP11110001', 'STEERING JOINT ASSY PS135', '', 286000.00, '1'),
('MB-600007', 'COM-04', 'MR004', 'KG117', 'SK119', 'SP11110001', 'CLUTCH OPERATING ASSY G-BOX FE', '', 53000.00, '1'),
('MB-601106', 'CKM-03', 'MR004', 'KG005', 'SK005', 'SP11110001', 'CLUTCH OPERATING KIT G-BOX PS100', 'MEDAN JAYA', 20000.00, '1'),
('MB-665187', 'STM-01', 'MR004', 'KG063', 'SK063', 'SP11110001', 'SWITCH TEMPERATUR L038', '', 16500.00, '1'),
('MB-710400', 'COM-01', 'MR004', 'KG019', 'SK020', 'SP11110001', 'CLUTCH OPERATING ASSY G-BOX L300', '', 60000.00, '1'),
('MB-734421', 'SBKM-01', 'MR004', 'KG063', 'SK063', 'SP11110007', 'STABIL BAR KIT ASSY SILICON L038', '', 37500.00, '1'),
('MB-773901', 'BPM-05', 'MR004', 'KG019', 'SK020', 'SP11110007', 'BRAKE PAD L300', '', 64000.00, '3'),
('MB-775209', 'ICM-02', 'MR004', 'KG058', 'SK058', 'SP11110005', 'IC REGULATOR TYPE "A" PS135', '', 182000.00, '1'),
('MB-809354', 'LSM-03', 'MR004', 'KG219', 'SK221', 'SP11110006', 'LINK STABILIZER TYPE "A" CHROMED DANGAN/LANCER 93', '', 121500.00, '1'),
('MB-831037', 'BJM-07', 'MR004', 'KG020', 'SK021', 'SP11110005', 'BALL JOINT L200 BWH LH', '', 128700.00, '3'),
('MB-831038', 'BJM-06', 'MR004', 'KG020', 'SK021', 'SP11110005', 'BALL JOINT L200 BWH RH', '', 128700.00, '3'),
('MB-831043', 'TRM-09', 'MR004', 'KG020', 'SK021', 'SP11110005', 'TIE ROD END PENDEK L200', '', 121550.00, '1'),
('MB-831044', 'TRM-08', 'MR004', 'KG020', 'SK021', 'SP11110005', 'TIE ROD END PANJANG L200', '', 150150.00, '1'),
('MB-836438', 'PSOM-02', 'MR004', 'KG058', 'SK058', 'SP11110001', 'PROPELER SHAFT ONLY PS135', '', 350000.00, '1'),
('MB-842103', 'ICM-04', 'MR004', 'KG200', 'SK202', 'SP11110005', 'IC REGULATOR TYPE "A" L300 CYCLONE/L039', '', 182000.00, '1'),
('MB-849880', 'ICM-05', 'MR004', 'KG201', 'SK203', 'SP11110005', 'IC REGULATOR TYPE "A" L300 D 2.3', '', 166000.00, '1'),
('MB-85910', 'ICM-01', 'MR004', 'KG188', 'SK190', 'SP11110005', 'IC REGULATOR TYPE "A" PS100/PS120', '', 147000.00, '1'),
('MB-860829', 'BJM-05', 'MR004', 'KG020', 'SK021', 'SP11110005', 'BALL JOINT L200 ATAS', '', 86000.00, '3'),
('MB-867213', 'HEM-03', 'MR004', 'KG195', 'SK197', 'SP11120001', 'HOUSING END FM 516', '', 1270000.00, '1'),
('MB-875012', 'RCUM-01', 'MR004', 'KG063', 'SK063', 'SP11110001', 'RELLAY CONTROL UNIT L038', '', 286000.00, '1'),
('MB-886211', 'FBM-03', 'MR004', 'KG006', 'SK007', 'SP11110007', 'FAN BLADE TYPE "A" PS120', '', 144000.00, '1'),
('MB-886211B', 'FBBM-02', 'MR004', 'KG006', 'SK007', 'SP11110007', 'FAN BLADE TYPE "B" PS120', '', 78000.00, '1'),
('MB-886389', 'FRLM-01', 'MR004', 'KG020', 'SK021', 'SP11110001', 'FREE LOCK L200', '', 400400.00, '1'),
('MB-892981', 'LSM-01', 'MR004', 'KG218', 'SK220', 'SP11110006', 'LINK STABILIZER TYPE "A" CHROMED FRT GALLANT 96-V6', '', 121500.00, '1'),
('MB-892982', 'LSM-02', 'MR004', 'KG218', 'SK220', 'SP11110006', 'LINK STABILIZER TYPE "A" CHROMED RR GALLANT 96-V6', '', 121500.00, '1'),
('MC-022902', 'DRM-11', 'MR004', 'KG123', 'SK125', 'SP11110001', 'DRAG LINK ASSY (SMALL) (32MM) 6D22', '', 412000.00, '1'),
('MC-075131', 'CWM-05', 'MR004', 'KG121', 'SK123', 'SP11110001', 'CROWN WHEEL 6X37 PS135/TURBO', '', 1251500.00, '1'),
('MC-075132', 'CWM-06', 'MR004', 'KG121', 'SK123', 'SP11110001', 'CROWN WHEEL 6X40 PS135/TURBO', '', 1287000.00, '1');
INSERT INTO `msbarang` (`KdBarang`, `KdIdentifikasi`, `KdMerk`, `KdKategori`, `KdSub`, `KdSupplier`, `NamaBarang`, `Note`, `HargaList`, `LevelID`) VALUES
('MC-075134', 'SDM-03', 'MR004', 'KG058', 'SK058', 'SP11120003', 'SPIDER PINION FORGING TYPE "A" PS135', '', 235000.00, '1'),
('MC-075134A', 'SDM-04', 'MR004', 'KG058', 'SK058', 'SP11110002', 'SPIDER PINION FORGING TYPE "B" PS135', 'AGUNG', 150000.00, '1'),
('MC-08029', 'DRM-09', 'MR004', 'KG006', 'SK007', 'SP11110001', 'DRAG LINK ASSY "B" PS120', '', 205000.00, '1'),
('MC-080928', 'DRM-13', 'MR004', 'KG058', 'SK058', 'SP11110001', 'DRAG LINK ASSY KTB 2T P135', '', 180000.00, '1'),
('MC-080929', 'DRM-05', 'MR004', 'KG006', 'SK007', 'SP11110005', 'DRAG LINK ASSY "A" PS120', '', 308000.00, '1'),
('MC-081000', 'SJAM-01', 'MR004', 'KG179', 'SK181', 'SP11110001', 'STEERING JOINT ASSY PS100 NEW', '', 286000.00, '1'),
('MC-092046', 'DRM-12', 'MR004', 'KG123', 'SK125', 'SP11110001', 'DRAG LINK ASSY (BIG) (36MM) 6D22', '', 412000.00, '1'),
('MC-096455', 'HRM-06', 'MR004', 'KG058', 'SK058', 'SP11110007', 'HANGER F/F LH PS 135', '', 110000.00, '1'),
('MC-096456', 'HRM-05', 'MR004', 'KG058', 'SK058', 'SP11110007', 'HANGER F/F RH PS 135', '', 110000.00, '1'),
('MC-110986', 'RHM-05', 'MR004', 'KG058', 'SK058', 'SP11110007', 'RADIATOR HOSE ATAS PS 135', '', 31200.00, '3'),
('MC-113030', 'CMM-02', 'MR004', 'KG058', 'SK058', 'SP11110001', 'CLUTCH MASTER ASSY G-BOX PS135', '', 90000.00, '1'),
('MC-113059', 'CTM-01', 'MR004', 'KG058', 'SK058', 'SP11110001', 'CLUTCH MASTER KIT G-BOX PS135', 'MEDAN JAYA', 37000.00, '1'),
('MC-114413', 'HRM-04', 'MR004', 'KG058', 'SK058', 'SP11110007', 'HANGER R/F LH PS135', '', 120000.00, '1'),
('MC-114414', 'HRM-03', 'MR004', 'KG058', 'SK058', 'SP11110007', 'HANGER R/F RH PS 135', '', 120000.00, '1'),
('MC-114415', 'HRM-01', 'MR004', 'KG058', 'SK058', 'SP11110007', 'HANGER R/R RH PS 135', '', 120000.00, '1'),
('MC-114416', 'HR-02', 'MR004', 'KG058', 'SK058', 'SP11110007', 'HANGER R/R LH PS 135', '', 120000.00, '1'),
('MC-405933', 'DRM-08', 'MR004', 'KG146', 'SK148', 'SP11110001', 'DRAG LINK ASSY KTB FM 517', '', 277000.00, '1'),
('MC-433218', 'STM-04', 'MR004', 'KG116', 'SK118', 'SP11110001', 'SWITCH TEMPERATUR FM 215', '', 18000.00, '1'),
('MC-661940', 'FBBM-04', 'MR004', 'KG019', 'SK020', 'SP11110007', 'FAN BLADE TYPE "B" L300', '', 78000.00, '1'),
('MC-664300', 'FBM-04', 'MR004', 'KG058', 'SK058', 'SP11110007', 'FAN BLADE TYPE "A" PS135', '', 163000.00, '1'),
('MC-746651', 'ICM-06', 'MR004', 'KG053', 'SK053', 'SP11110005', 'IC REGULATOR TYPE "A" T120SS', '', 176000.00, '1'),
('MC-803261', 'FPIM-05', 'MR004', 'KG178', 'SK180', 'SP11110001', 'FLANGE PINION INTERCOOLER', 'PAL', 200000.00, '1'),
('MC-803544', 'SDM-05', 'MR004', 'KG169', 'SK171', 'SP11110001', 'SPIDER PINION FN-527', '', 208000.00, '1'),
('MC-804120', 'CWM-10', 'MR004', 'KG123', 'SK125', 'SP11110001', 'CROWN WHEEL 6X40 REAR 24,5CM 6D22', '', 3408000.00, '1'),
('MC-804124', 'CWM-09', 'MR004', 'KG123', 'SK125', 'SP11110001', 'CROWN WHEEL 6X40 FRONT 24,5CM 6D22', '', 3408000.00, '1'),
('MC-804182', 'FPIM-03', 'MR004', 'KG058', 'SK058', 'SP11110001', 'FLANGE PINION PS135', 'PAL', 90000.00, '1'),
('MC-804837', 'SDM-06', 'MR004', 'KG195', 'SK166', 'SP11110001', 'SPIDER PINION FM 516', '', 257500.00, '1'),
('MC-805606', 'SSM-04', 'MR004', 'KG248', 'SK249', 'SP11110001', 'SPLINE SHAFT (REAR) FM 215/516(16T)', '', 315000.00, '1'),
('MC-806774', 'FPIM-01', 'MR004', 'KG169', 'SK171', 'SP11110001', 'FLANGE PINION FN 527', 'PAL', 220000.00, '1'),
('MC-811060', 'BAM-06', 'MR004', 'KG060', 'SK060', 'SP11110001', 'BRAKE ADJUSTER (LH) FR PS190', '', 62000.00, '1'),
('MC-811061', 'BAM-05', 'MR004', 'KG060', 'SK060', 'SP11110001', 'BRAKE ADJUSTER (RH) FR PS190', '', 62000.00, '1'),
('MC-811613', 'FJM-01', 'MR004', 'KG116', 'SK118', 'SP11110001', 'FLANGE JOINT FM 215', 'PAL', 175000.00, '1'),
('MC-811614', 'FJM-03', 'MR004', 'KG169', 'SK171', 'SP11110001', 'FLANGE JOINT FN 527', 'PAL', 185000.00, '1'),
('MC-817613', 'GPM-12', 'MR004', 'KG164', 'SK166', 'SP11110001', 'GEAR DIFF SET 2 BESAR, 4 KECIL + SPIDER FM 516', '', 1284140.00, '1'),
('MC-817613A', 'GPM-13', 'MR004', 'KG164', 'SK166', 'SP11110001', 'GEAR DIFF SET 2 BESAR, 4 KECIL FM 516', '', 1050000.00, '1'),
('MC-818371', 'SJAM-03', 'MR004', 'KG146', 'SK148', 'SP11110001', 'STEERING JOINT ASSY FM 517', '', 303000.00, '1'),
('MC-819054', 'SDM-01', 'MR004', 'KG006', 'SK007', 'SP11120003', 'SPIDER PINION FORGING TYPE "A" PS120', '', 164000.00, '1'),
('MC-819054A', 'SDM-02', 'MR004', 'KG006', 'SK007', 'SP11110002', 'SPIDER PINION FORGING TYPE "B" PS120', 'AGUNG', 121500.00, '1'),
('MC-820450', 'BHM-01', 'MR004', 'KG052', 'SK052', 'SP11110009', 'BRAKE HOSE FRT FM', 'AGUNG', 30000.00, '3'),
('MC-822005', 'BHM-07', 'MR004', 'KG052', 'SK052', 'SP11110009', 'BRAKE HOSE RR FM', 'AGUNG', 30000.00, '3'),
('MC-822008', 'CHM-02', 'MR004', 'KG211', 'SK213', 'SP11110009', 'CLUTCH HOSE FM/FR', '', 22500.00, '3'),
('MC-825204', 'GPM-03', 'MR004', 'KG006', 'SK007', 'SP11120003', 'GEAR DIFF SET 2 BESAR, 4KECIL + SPIDER "A" PS120', '', 700700.00, '1'),
('MC-825204A', 'GPM-04', 'MR004', 'KG006', 'SK007', 'SP11120003', 'GEAR DIFF SET 2 BESAR, 4 KECIL TYPE "A" PS120', '', 550550.00, '1'),
('MC-825204B', 'GPM-05', 'MR003', 'KG006', 'SK007', 'SP11110002', 'GEAR DIFF SET 2 BESAR, 4 KECIL +SPIDER KETOK KTB PS120', '', 627000.00, '1'),
('MC-825204C', 'GPM-06', 'MR004', 'KG006', 'SK007', 'SP11110002', 'GEAR DIFF SET 2 BESAR, 4 KECIL TYPE KETOK KTB PS120', '', 498750.00, '1'),
('MC-830811', 'FJM-02', 'MR004', 'KG146', 'SK148', 'SP11110001', 'FLANGE JOINT FM 517', 'PAL', 175000.00, '1'),
('MC-831103', 'FBM-02', 'MR004', 'KG063', 'SK063', 'SP11110007', 'FAN BLADE TYPE "A" L038', '', 144000.00, '1'),
('MC-831103-B', 'FBBM-03', 'MR004', 'KG073', 'SK074', 'SP11110007', 'FAN BLADE TYPE "B" L300D', '', 90000.00, '1'),
('MC-832771', 'BAM-04', 'MR004', 'KG006', 'SK007', 'SP11110001', 'BRAKE ADJUSTER (LH) RR PS120', '', 18500.00, '1'),
('MC-832772', 'BAM-03', 'MR004', 'KG006', 'SK007', 'SP11110001', 'BRAKE ADJUSTER (RH) RR PS120', '', 18500.00, '1'),
('MC-833206', 'SSM-03', 'MR004', 'KG006', 'SK007', 'SP11110001', 'SPLINE SHAFT (FRONT) PS120', '', 117000.00, '1'),
('MC-835114', 'CWM-03', 'MR004', 'KG006', 'SK007', 'SP11110002', 'CROWN WHEEL TYPE A 6X37 PS120', '', 965000.00, '1'),
('MC-839938', 'CWM-07', 'MR004', 'KG122', 'SK124', 'SP11110001', 'CROWN WHEEL 6X40 6D16', '', 3003000.00, '1'),
('MC-839939', 'CWM-08', 'MR004', 'KG122', 'SK124', 'SP11110001', 'CROWN WHEEL 6X43 6D16', '', 3003000.00, '1'),
('MC-843786', 'RM-01', 'MR004', 'KG058', 'SK058', 'SP11110001', 'RELLAY PS135', '', 22500.00, '1'),
('MC-855081', 'FOM-02', 'MR004', 'KG146', 'SK148', 'SP11110001', 'FUSES BOX G-BOX FM-517', 'SS', 595000.00, '1'),
('MC-855952', 'RPM-01', 'MR004', 'KG005', 'SK005', 'SP11110001', 'RELLAY POWER PS100', '', 39000.00, '1'),
('MC-858361', 'STSM-06', 'MR004', 'KG263', 'SK264', 'SP11110002', 'SWITCH TURN SIGNAL FUSO PS190', '', 241700.00, '1'),
('MC-863589', 'CWM-04', 'MR004', 'KG006', 'SK007', 'SP11110002', 'CROWN WHEEL TYPE A 6X40 PS120', '', 965000.00, '1'),
('MC-869165', 'BKM-02', 'MR004', 'KG069', 'SK070', 'SP11110001', 'BRAKE MASTER KIT G-BOX PS120 NEW', 'MEDAN JAYA', 64350.00, '1'),
('MC-869166', 'BKM-03', 'MR004', 'KG070', 'SK071', 'SP11110001', 'BRAKE MASTER KIT G-BOX', 'MEDAN JAYA', 69000.00, '1'),
('MC-873321', 'CDM-01', 'MR004', 'KG006', 'SK007', 'SP11120001', 'CASE DIFF ASSY PS120', '', 875000.00, '1'),
('MC-994306', 'KPSM-03', 'MR004', 'KG060', 'SK060', 'SP11110001', 'KING PIN SET MERK HOKIKU PS190', '', 355000.00, '1'),
('MC-998332', 'JKM-06', 'MR004', 'KG178', 'SK180', 'SP11110005', 'UNIVERSAL JOINT/JOINT KOPEL POLOS KEMASAN G-BOX INTERCOOLER', '', 65000.00, '1'),
('MD-006279', 'RAM-12', 'MR004', 'KG019', 'SK020', 'SP11110001', 'ROCKER ARM L300', 'PAL', 30000.00, '1'),
('MD-009141', 'CPM-01', 'MR004', 'KG019', 'SK020', 'SP11110001', 'KABEL BUSI/CORD PLUG MERK SUMITOMO/YAZAKI L300', '', 92950.00, '1'),
('MD-010617', 'FSM-06', 'MR004', 'KG071', 'SK072', 'SP11110001', 'FLY WHEEL SUB ASSY  T120"78', '', 475000.00, '1'),
('MD-030629', 'RGM-04', 'MR004', 'KG053', 'SK053', 'SP11110001', 'RING GEAR FLYWHEEL T120SS', '', 92500.00, '1'),
('MD-064047', 'BDM-13', 'MR004', 'KG059', 'SK059', 'SP11110001', 'BENDIX STATER T120', '', 39000.00, '3'),
('MD-070754', 'RAM-11', 'MR004', 'KG063', 'SK063', 'SP11110001', 'ROCKER ARM (IN) TYPE "A" L038', 'PAL', 49000.00, '1'),
('MD-070755', 'RAM-10', 'MR004', 'KG063', 'SK063', 'SP11110001', 'ROCKER ARM (EX) TYPE "A" L038', 'PAL', 49000.00, '1'),
('MD-117600', 'FBM-05', 'MR004', 'KG156', 'SK158', 'SP11110007', 'FAN BLADE TYPE "A" CANTER', '', 230000.00, '1'),
('MD-140047', 'RAM-05', 'MR004', 'KG053', 'SK053', 'SP11110001', 'ROCKER ARM TYPE "A" T120SS', 'PAL', 46000.00, '1'),
('MD-140048', 'RAM-06', 'MR004', 'KG053', 'SK053', 'SP11110001', 'ROCKER ARM TYPE "A" T120SS', 'PAL', 46000.00, '1'),
('MD-140049', 'RAM-08', 'MR004', 'KG053', 'SK053', 'SP11110001', 'ROCKER ARM TYPE "A" T120SS', 'PAL', 46000.00, '1'),
('MD-140050', 'RAM-09', 'MR004', 'KG053', 'SK053', 'SP11110001', 'ROCKER ARM TYPE "A" T120SS', 'PAL', 46000.00, '1'),
('MD-143880', 'CPM-02', 'MR004', 'KG053', 'SK053', 'SP11110001', 'KABEL BUSI/CORD PLUG MERK SUMITOMO/YAZAKI T120SS', '', 92950.00, '1'),
('MD-185121', 'FSM-05', 'MR004', 'KG053', 'SK053', 'SP11110001', 'FLY WHEEL SUB ASSY T120SS', '', 279000.00, '1'),
('MD-197467', 'SKM-02', 'MR004', 'KG019', 'SK020', 'SP11110006', 'SEAL KLEP TYPE "A" L300', '', 6500.00, '1'),
('MD-324966', 'RAM-02', 'MR004', 'KG245', 'SK246', 'SP11110001', 'ROCKER ARM WITH BEARING TYPE "A" EX L039', 'PAL', 65000.00, '1'),
('MD-324966A', 'RAM-04', 'MR004', 'KG245', 'SK246', 'SP11110001', 'ROCKER ARM EX L039', 'PAL', 35000.00, '1'),
('MD-324967', 'RAM-01', 'MR004', 'KG245', 'SK246', 'SP11110001', 'ROCKER ARM WITH BEARING TYPE "A" IN L039', 'PAL', 65000.00, '1'),
('MD-324967A', 'RAM-03', 'MR004', 'KG245', 'SK246', 'SP11110001', 'ROCKER ARM IN L039', 'PAL', 35000.00, '1'),
('MD-618963', 'BDM-08', 'MR004', 'KG020', 'SK021', 'SP11110001', 'BENDIX STATER L200', '', 55000.00, '3'),
('MD-633578', 'BSM-03', 'MR004', 'KG044', 'SK044', 'SP11110003', 'BRAKE SHOE L300 DIESEL', '', 125000.00, '3'),
('MD-705311', 'MDM-01', 'MR004', 'KG056', 'SK056', 'SP11110001', 'MAIN DRIVE GEAR L300DLX', '', 146000.00, '1'),
('MD-800963', 'CKM-02', 'MR004', 'KG059', 'SK059', 'SP11110001', 'CLUTCH OPERATING KIT G-BOX T120', 'MEDAN JAYA', 20000.00, '1'),
('ME-012509', 'RGM-03', 'MR004', 'KG005', 'SK005', 'SP11110001', 'RING GEAR FLYWHEEL PS100', '', 126500.00, '1'),
('ME-012535', 'FSM-02', 'MR004', 'KG005', 'SK005', 'SP11110001', 'FLY WHEEL SUB ASSY PS100', '', 840000.00, '1'),
('ME-012538', 'FSM-03', 'MR004', 'KG006', 'SK007', 'SP11110001', 'FLY WHEEL SUB ASSY PS120', '', 850000.00, '1'),
('ME-012548', 'RGM-02', 'MR004', 'KG006', 'SK007', 'SP11110001', 'RING GEAR FLYWHEEL PS120', '', 126500.00, '1'),
('ME-012551', 'FSM-04', 'MR004', 'KG058', 'SK058', 'SP11110001', 'FLY WHEEL SUB ASSY PS135', '', 860000.00, '1'),
('ME-032645', 'RGM-01', 'MR004', 'KG244', 'SK245', 'SP11110001', 'RING GEAR FLYWHEEL FM 215/516', '', 242500.00, '1'),
('ME-035672', 'HFFM-02', 'MR004', 'KG169', 'SK171', 'SP11110001', 'HEAD FUEL FILTER G-BOX FN-527', '', 75000.00, '1'),
('ME-056279', 'HFFM-01', 'MR004', 'KG123', 'SK125', 'SP11110001', 'HEAD FUEL FILTER G-BOX 6D22', '', 85000.00, '1'),
('ME-072248', 'FSM-01', 'MR004', 'KG164', 'SK166', 'SP11110001', 'FLY WHEEL SUB ASSY FM 516', '', 1100000.00, '1'),
('ME-121646', 'WSM-01', 'MR004', 'KG058', 'SK058', 'SP11110001', 'WATER SEPARATOR KEMASAN G-BOX PS135', '', 172000.00, '1'),
('ME-215092', 'SKM-01', 'MR004', 'KG257', 'SK258', 'SP11110006', 'SEAL KLEP TYPE "A" PS100/PS120', '', 7800.00, '1'),
('ME-226743', 'BSM-04', 'MR004', 'KG021', 'SK022', 'SP11110003', 'BRAKE SHOE TRITON', '', 252000.00, '3'),
('ME-600714', 'FTM-03', 'MR004', 'KG005', 'SK005', 'SP11110001', 'FLANGE TRANSMISION PS100', '', 100000.00, '1'),
('ME-601030', 'MSM-01', 'MR004', 'KG005', 'SK005', 'SP11110001', 'MAIN SHAFT PS100', '', 456000.00, '1'),
('ME-601825', 'FTM-05', 'MR004', 'KG180', 'SK182', 'SP11110001', 'FLANGE TRANSMISION PS120/135', '', 118000.00, '1'),
('ME-602000', 'FTM-04', 'MR004', 'KG179', 'SK181', 'SP11110001', 'FLANGE TRANSMISION PS100 NEW', '', 90000.00, '1'),
('ME-602461', 'CKM-04', 'MR004', 'KG006', 'SK007', 'SP11110001', 'CLUTCH OPERATING KIT G-BOX PS120', 'MEDAN JAYA', 20000.00, '1'),
('ME-602931', 'MSM-02', 'MR004', 'KG006', 'SK007', 'SP11110001', 'MAIN SHAFT PS120', '', 478000.00, '1'),
('ME-602994', 'COM-02', 'MR004', 'KG058', 'SK058', 'SP11110001', 'CLUTCH OPERATING ASSY G-BOX PS135', '', 80000.00, '1'),
('ME-603213', 'CGM-02', 'MR004', 'KG005', 'SK005', 'SP11110001', 'COUNTER GEAR MIRING PS100', '', 929500.00, '1'),
('ME-622321', 'COM-03', 'MR004', 'KG116', 'SK118', 'SP11110001', 'CLUTCH OPERATING ASSY G-BOX FM 215', '', 70000.00, '1'),
('ME-625257', 'CMM-03', 'MR004', 'KG116', 'SK118', 'SP11110001', 'CLUTCH MASTER ASSY G-BOX FM215', '', 125000.00, '1'),
('ME-640816', 'FTM-01', 'MR004', 'KG164', 'SK166', 'SP11110001', 'FLANGE TRANSMISION FM 516', '', 200000.00, '1'),
('ME-655477', 'FTM-02', 'MR004', 'KG169', 'SK171', 'SP11110001', 'FLANGE TRANSMISION FN 527', '', 350000.00, '1'),
('ME-702019', 'FPAM-01', 'MR004', 'KG116', 'SK118', 'SP11110001', 'FEED PUMP ASSY FM215', '', 176000.00, '1'),
('ME-703037', 'FPAM-02', 'MR004', 'KG005', 'SK005', 'SP11110001', 'FEED PUMP ASSY PS100', '', 176000.00, '1'),
('ME-714621', 'CKM-01', 'MR004', 'KG073', 'SK074', 'SP11110001', 'CLUTCH OPERATING KIT G-BOX L300 D', 'MEDAN JAYA', 20000.00, '1'),
('ME-835971', 'GPM-07', 'MR004', 'KG121', 'SK123', 'SP11120003', 'GEAR DIFF SET 2 BESAR, 4 KECIL +SPIDER "A" PS135/TURBO', '', 1129700.00, '1'),
('ME-835971A', 'GPM-08', 'MR004', 'KG121', 'SK123', 'SP11120003', 'GEAR DIFF SET 2 BESAR, 4 KECIL TYPE "A" PS135/TURBO', '', 817000.00, '1'),
('ME-835971B', 'GPM-09', 'MR004', 'KG121', 'SK123', 'SP11110002', 'GEAR DIFF SET 2 BESAR, 4 KECIL + SPIDER KETOK KTB PS135/TURBO', '', 772200.00, '1'),
('ME-835971C', 'GPM-10', 'MR004', 'KG121', 'SK123', 'SP11110002', 'GEAR DIFF SET 2 BESAR, 4 KECIL KETOK KTB PS135/TURBO', '', 643500.00, '1'),
('ME-994820/MC-834856', 'JKM-03', 'MR004', 'KG006', 'SK007', 'SP11110002', 'UNIVERSAL JOINT/JOINT KOPEL KETOK 3BERLIAN TYPE "A" PS120', '', 75000.00, '1'),
('MH-031301', 'BHM-08', 'MR004', 'KG052', 'SK052', 'SP11110009', 'BRAKE HOSE RR FIGHTER', 'AGUNG', 30000.00, '3'),
('MH-031310', 'BHM-02', 'MR004', 'KG052', 'SK052', 'SP11110009', 'BRAKE HOSE FRT FIGHTER', 'AGUNG', 30000.00, '3'),
('MH-031448', 'PSHM-01', 'MR004', 'KG146', 'SK148', 'SP11110001', 'POWER STEERING HOSE FM-517', '', 87600.00, '1'),
('MH-031890', 'CHM-03', 'MR004', 'KG212', 'SK214', 'SP11110009', 'CLUTCH HOSE FUSO FIGHTER/FM516', '', 30000.00, '3'),
('MK-321002', 'BMM-05', 'MR004', 'KG005', 'SK005', 'SP11110001', 'BRAKE MASTER ASSY ALUMUNIUM PS100', '', 278850.00, '1'),
('MK-326526', 'BMM-01', 'MR004', 'KG058', 'SK058', 'SP11110001', 'BRAKE MASTER ASSY ALUMUNIUM KETOK JKC PS135', '', 278850.00, '1'),
('MK-382602', 'DRM-10', 'MR004', 'KG147', 'SK149', 'SP11110001', 'DRAG LINK ASSY KTB FE"84', '', 343000.00, '1'),
('MK-384488', 'BMM-03', 'MR004', 'KG066', 'SK067', 'SP11110001', 'BRAKE MASTER ASSY ALUMUNIUM KETOK JKC PS110', '', 278800.00, '1'),
('MK-387290', 'FRM-02', 'MR004', 'KG182', 'SK184', 'SP11110001', 'FLASHER G-BOX PS125 TURBO', '', 70000.00, '1'),
('MK-471750', 'DRM-03', 'MR004', 'KG145', 'SK147', 'SP11110001', 'DRAG LINK ASSY 2T TURBO 125/PS136/FE"71', '', 265000.00, '1'),
('MK-471750A', 'DRM-04', 'MR004', 'KG145', 'SK147', 'SP11110005', 'DRAG LINK ASSY (2T) "A" TURBO 125/PS136/FE"71', '', 279000.00, '1'),
('MK-526773/2', 'TRM-04', 'MR004', 'KG217', 'SK219', 'SP11110005', 'TIE ROD END POLOS PANJANG "TW" PS100/120/FE/T210', '', 142500.00, '1'),
('MK-997509/8', 'TRM-06', 'MR004', 'KG182', 'SK184', 'SP11110005', 'TIE ROD END POLOS PANJANG "TW" PS125/TURBO', '', 150150.00, '1'),
('MN-115339', 'CPM-03', 'MR004', 'KG203', 'SK205', 'SP11110001', 'KABEL BUSI/CORD PLUG MERK SUMITOMO/YAZAKI T120SS INJECTION', '', 100000.00, '1'),
('MN-117759', 'FBBM-05', 'MR004', 'KG053', 'SK053', 'SP11110007', 'FAN BLADE TYPE "B" T120SS', '', 84000.00, '1'),
('MR-127438', 'RHM-01', 'MR004', 'KG020', 'SK021', 'SP11110007', 'RADIATOR HOSE ATAS K 57 L200', '', 36855.00, '3'),
('MR-127439', 'RHM-02', 'MR004', 'KG020', 'SK021', 'SP11110007', 'RADIATOR HOSE BAWAH K 57 L200', '', 42120.00, '3'),
('MR-127488', 'RHM-03', 'MR004', 'KG020', 'SK021', 'SP11110007', 'RADIATOR HOSE ATAS K67 L200', '', 36855.00, '3'),
('MR-127489', 'RHM-04', 'MR004', 'KG020', 'SK021', 'SP11110007', 'RADIATOR HOSE BAWAH K 67 L200', '', 42120.00, '3'),
('MR-319390/MR-319875', 'TRM-11', 'MR004', 'KG022', 'SK023', 'SP11110005', 'TIE ROD END KUDA', '', 224000.00, '1'),
('MR-329634', 'STSM-04', 'MR004', 'KG022', 'SK023', 'SP11110002', 'SWITCH TURN SIGNAL KUDA', '', 181500.00, '1'),
('MR-329634A', 'STSM-05', 'MR004', 'KG262', 'SK263', 'SP11110002', 'SWITCH TURN SIGNAL KUDA NEW', '', 187500.00, '1'),
('MR-527550', 'BPM-03', 'MR004', 'KG020', 'SK021', 'SP11110007', 'BRAKE PAD L200 SINGLE CABIN', '', 135000.00, '3'),
('MR-955109', 'PCM-02', 'MR004', 'KG237', 'SK238', 'SP11110005', 'PISTON CALIPER L200/RANGER/GRANDMAX', '', 50000.00, '1'),
('MR-977365', 'BPM-04', 'MR004', 'KG020', 'SK021', 'SP11110007', 'BRAKE PAD L200 DOUBLE CABIN', '', 135000.00, '3'),
('MR-992309', 'LSM-04', 'MR004', 'KG021', 'SK022', 'SP11110006', 'LINK STABILIZER TYPE "A" CHROMED LH TRITON', '', 135000.00, '1'),
('MR-992310', 'LSM-05', 'MR004', 'KG021', 'SK022', 'SP11110006', 'LINK STABILIZER TYPE "A" CHROMED RH TRITON', '', 135000.00, '1'),
('MT-139245', 'CHM-01', 'MR004', 'KG117', 'SK119', 'SP11110009', 'CLUTCH HOSE FE', '', 22500.00, '3'),
('MT-141442', 'SBSM-01', 'MR004', 'KG019', 'SK020', 'SP11110007', 'SPRING BRAKE SHOE L300', '', 3315.00, '3'),
('MT-160232', 'PGM-02', 'MR004', 'KG005', 'SK005', 'SP11110007', 'PEDAL GAS PS100', '', 70000.00, '3'),
('MT-327032', 'WHM-01', 'MR004', 'KG290', 'SK291', 'SP11110005', 'WHEEL HUB/NAP RODA TYPE "A" FRONT PS100 ENGKEL', '', 390000.00, '1'),
('MT-420213', 'HEM-02', 'MR004', 'KG005', 'SK005', 'SP11120001', 'HOUSING END LABEL KTB LH PS100', '', 464750.00, '1'),
('MT-420214', 'HEM-01', 'MR004', 'KG005', 'SK005', 'SP11120001', 'HOUSING END LABEL KTB RH PS100', '', 464750.00, '1'),
('MW-033300/1', 'TRM-02', 'MR004', 'KG217', 'SK219', 'SP11110005', 'TIE ROD END PENDEK "TW" PS100/120/FE/T210', '', 128700.00, '1'),
('MZS-51029', 'BHM-06', 'MR004', 'KG053', 'SK053', 'SP11110009', 'BRAKE HOSE FRT T120SS', 'AGUNG', 40000.00, '3'),
('NSM-403', 'FRLD-02', 'MR005', 'KG051', 'SK051', 'SP11110001', 'FREE LOCK MEREK NSM F70', '', 300300.00, '1'),
('NSM-420', 'FRLD-01', 'MR005', 'KG076', 'SK077', 'SP11110001', 'FREE LOCK MEREK NSM F50', '', 300300.00, '1'),
('NSM-433', 'FRLI-01', 'MR002', 'KG168', 'SK170', 'SP11110001', 'FREE LOCK MEREK NSM TROOPER', '', 300300.00, '1'),
('NSM-438', 'FRLD-03', 'MR005', 'KG167', 'SK169', 'SP11110001', 'FREE LOCK MEREK NSM F73', '', 300300.00, '1'),
('OK9A2-32-280', 'TRK-01', 'MR012', 'KG110', 'SK111', 'SP11110005', 'TIE ROD END TIMOR', '', 138000.00, '1'),
('SE-7451', 'TRS-03', 'MR003', 'KG265', 'SK266', 'SP11110005', 'TIE ROD END "555" ST100,FUTURA,T120', '', 50000.00, '1'),
('U001U001-T-06377', 'RSM-01', 'MR004', 'KG116', 'SK118', 'SP11110001', 'RELLAY STATER FM 215', '', 91500.00, '1'),
('UH71-34550', 'BJF-02', 'MR006', 'KG025', 'SK026', 'SP11110005', 'BALL JOINT RANGER 2.5/2.9 ATAS', '', 100100.00, '3'),
('UH74-34550', 'BJF-01', 'MR006', 'KG025', 'SK026', 'SP11110005', 'BALL JOINT  RANGER 2.5/2.9 BAWAH', '', 135850.00, '3'),
('UHJ74-32250', 'TRF-02', 'MR006', 'KG279', 'SK281', 'SP11110005', 'TIE ROD END LONG "TW" FORD RANGER 2.5', '', 135000.00, '1'),
('UHJ74-32280', 'TRF-01', 'MR006', 'KG279', 'SK281', 'SP11110005', 'TIE ROD END SHORT "TW" FORD RANGER 2.5', '', 107000.00, '1'),
('UMY1-33-23ZA', 'BPF-02', 'MR006', 'KG036', 'SK036', 'SP11110007', 'BRAKE PAD RANGER DOUBLE PISTON', '', 147500.00, '3'),
('UMY2-34-20ZA', 'BPF-01', 'MR006', 'KG036', 'SK036', 'SP11110007', 'BRAKE PAD RANGER SINGLE PISTON', '', 140000.00, '3'),
('UN-01', 'BAU-01', 'MR009', 'KG183', 'SK185', 'SP11110007', 'BRACKET AKI SMALL UNIVERSAL', '', 14000.00, '1'),
('UNI-01', 'UNI-01', 'MR009', 'KG183', 'SK185', 'SP11110007', 'BAUT NAP RUBAHAN 14X50 UNIVERSAL', '', 4600.00, '3'),
('UNI-02', 'BAU-02', 'MR009', 'KG183', 'SK185', 'SP11110007', 'BRACKET AKI BIG UNIVERSAL', '', 15000.00, '1'),
('UNIV', 'CSU-01', 'MR009', 'KG150', 'SK152', 'SP11110001', 'CABLE SERI KABEL PARAREL PLASTIK POLOS 30CM', '', 24000.00, '1'),
('UNIV-01', 'CSU-02', 'MR009', 'KG150', 'SK152', 'SP11110001', 'CABLE SERI PLASTIK POLOS 30CM', '', 12900.00, '1'),
('UNIV-02', 'CSU-03', 'MR009', 'KG151', 'SK153', 'SP11110001', 'CABLE SERI PLASTIK POLOS 50CM', '', 16000.00, '1'),
('UNIV-04', 'CSU-05', 'MR009', 'KG153', 'SK155', 'SP11110001', 'CABLE SERI PLASTIK POLOS 200CM', '', 68500.00, '1'),
('UNIV-1', 'HU-1', 'MR009', 'KG183', 'SK185', 'SP11110009', 'HORN MODEL HELLA 12V UNIVERSAL', '', 100000.00, '1'),
('UNIV-2', 'HU-02', 'MR009', 'KG183', 'SK185', 'SP11110009', 'HORN MODEL HELLA 24V UNIVERSAL', '', 100000.00, '1'),
('UNIV-3', 'HU-03', 'MR009', 'KG183', 'SK185', 'SP11110009', 'HORN DISC 12V UNIVERSAL', '', 34000.00, '1'),
('UNIV-4', 'HU-04', 'MR009', 'KG183', 'SK185', 'SP11110009', 'HORN DISC 24V UNIVERSAL', '', 34000.00, '1'),
('UNIVER', 'RU-01', 'MR009', 'KG183', 'SK185', 'SP11110001', 'RELLAY K-4 12V MERK AM UNIVERSAL', '', 8600.00, '1'),
('UNIVER-01', 'FBU-01', 'MR009', 'KG183', 'SK185', 'SP11110001', 'FUSES BOX POLOS 6 TERMINAL UNIVERSAL', 'SS', 26000.00, '1'),
('UNIVERS-01', 'MRU-01', 'MR009', 'KG183', 'SK185', 'SP11110001', 'MUR RACING UKURAN 1.25 SHORT MERK AM UNIVERSAL', '', 72000.00, '1'),
('UNIVERS-02', 'MRU-02', 'MR009', 'KG183', 'SK185', 'SP11110001', 'MUR RACING UKURAN 1.5 SHORT MERK AM UNIVERSAL', '', 72000.00, '1'),
('UNIVERS-03', 'MRU-03', 'MR009', 'KG183', 'SK185', 'SP11110001', 'MUR RACING UKURAN 1.25 LONG MERK AM UNIVERSAL', '', 89000.00, '1'),
('UNIVERS-04', 'MRU-04', 'MR009', 'KG183', 'SK185', 'SP11110001', 'MUR RACING UKURAN 1.5 LONG MERK AM UNIVERSAL', '', 89000.00, '1'),
('UNIVERSA-01', 'RU-02', 'MR009', 'KG183', 'SK185', 'SP11110001', 'RELLAY K-4 24V MERK AM UNIVERSAL', '', 8600.00, '1'),
('UNIVERSAL', 'CPO-01', 'MR009', 'KG130', 'SK132', 'SP11110001', 'CABLE PTO 2000M "B"', '', 79800.00, '3'),
('UNIVERSAL-001', 'PKU-01', 'MR009', 'KG234', 'SK235', 'SP11110002', 'PUTARAN KACA WARNA HITAM/COKLAT/ABU2 ST100/KIJANG/S89', '', 3600.00, '1'),
('UNIVERSAL-002', 'PKU-02', 'MR009', 'KG235', 'SK236', 'SP11110002', 'PUTARAN KACA WARNA HITAM/COKLAT/ABU2 PS/L300', '', 3600.00, '1'),
('UNIVERSAL-003', 'PKU-03', 'MR009', 'KG017', 'SK018', 'SP11110002', 'PUTARAN KACA WARNA ABU2 PHANTER', '', 5200.00, '1'),
('UNIVERSAL-01', 'FCU-01', 'MR009', 'KG183', 'SK185', 'SP11110001', 'FUSES CENTER PINK 30A UNIVERSAL', '', 8000.00, '1'),
('UNIVERSAL-02', 'FCU-02', 'MR009', 'KG183', 'SK185', 'SP11110001', 'FUSE CENTER HIJAU 40A UNIVERSAL', '', 8000.00, '1'),
('UNIVERSAL-03', 'FCU-03', 'MR009', 'KG183', 'SK185', 'SP11110001', 'FUSE CENTER MERAH 50A UNIVERSAL', '', 8000.00, '1'),
('UNIVERSAL-04', 'FCU-04', 'MR009', 'KG183', 'SK185', 'SP11110001', 'FUSE CENTER KUNING 80A UNIVERSAL', '', 8000.00, '1'),
('UNIVERSAL1', 'CPO-02', 'MR010', 'KG131', 'SK133', 'SP11110006', 'CABLE PTO 2500M "A"', '', 106000.00, '3'),
('UNIVERSAL10', 'CPO-11', 'MR009', 'KG136', 'SK138', 'SP11110001', 'CABLE PTO "B" 5000M', '', 125000.00, '3'),
('UNIVERSAL11', 'CPO-12', 'MR009', 'KG137', 'SK139', 'SP11110001', 'CABLE PTO "B" 5500M', '', 135000.00, '3'),
('UNIVERSAL12', 'CPO-13', 'MR009', 'KG138', 'SK140', 'SP11110001', 'CABLE PTO "B" 6000M', '', 145000.00, '3'),
('UNIVERSAL13', 'CPO-14', 'MR009', 'KG139', 'SK141', 'SP11110001', 'CABLE PTO "B" 6500M', '', 160000.00, '3'),
('UNIVERSAL14', 'CPO-15', 'MR009', 'KG140', 'SK142', 'SP11110001', 'CABLE PTO "B" 7000M', '', 175000.00, '3'),
('UNIVERSAL15', 'CPO-16', 'MR009', 'KG141', 'SK143', 'SP11110001', 'CABLE PTO "B" 7500M', '', 188000.00, '3'),
('UNIVERSAL16', 'CPO-17', 'MR009', 'KG142', 'SK144', 'SP11110001', 'CABLE PTO "B" 8000M', '', 195000.00, '3'),
('UNIVERSAL2', 'CPO-03', 'MR009', 'KG132', 'SK134', 'SP11110001', 'CABLE PTO "B" 3000M', '', 92700.00, '3'),
('UNIVERSAL3', 'CPO-04', 'MR010', 'KG132', 'SK134', 'SP11110006', 'CABLE PTO "A" 3000M', '', 114000.00, '3'),
('UNIVERSAL4', 'CPO-05', 'MR009', 'KG133', 'SK135', 'SP11110001', 'CABLE PTO "B" 3500M', '', 103000.00, '3'),
('UNIVERSAL5', 'CPO-06', 'MR010', 'KG133', 'SK135', 'SP11110006', 'CABLE PTO "A" 3500M', '', 118000.00, '3'),
('UNIVERSAL6', 'CPO-07', 'MR009', 'KG134', 'SK136', 'SP11110001', 'CABLE PTO "B" 4000M', '', 120000.00, '3'),
('UNIVERSAL7', 'CPO-08', 'MR010', 'KG134', 'SK136', 'SP11110006', 'CABLE PTO "A" 4000M', '', 125000.00, '3'),
('UNIVERSAL8', 'CPO-09', 'MR009', 'KG135', 'SK137', 'SP11110001', 'CABLE PTO "B" 4500M', '', 113000.00, '3'),
('UNIVERSAL9', 'CPO-10', 'MR010', 'KG135', 'SK137', 'SP11110006', 'CABLE PTO "A" 4500M', '', 133000.00, '3'),
('UNV-01', 'SIPU-01', 'MR009', 'KG183', 'SK185', 'SP11110001', 'SWITCH INJECTION PUMP 12V UNIVERSAL', '', 51500.00, '1'),
('UNV-02', 'SIPU-02', 'MR009', 'KG183', 'SK185', 'SP11110001', 'SWITCH INJECTION PUMP 24V UNIVERSAL', '', 51500.00, '1'),
('UNV-03', 'CSU-04', 'MR009', 'KG152', 'SK154', 'SP11110001', 'CABLE SERI PLASTIK POLOS 75CM', '', 23000.00, '1'),
('UNVS', 'WSU-01', 'MR009', 'KG183', 'SK185', 'SP11110001', 'WATER SEPARATOR MERK AM UNUVERSAL', '', 160000.00, '1'),
('UNVS-01', 'TAU-01', 'MR009', 'KG183', 'SK185', 'SP11110005', 'TERMINAL ACCU (BESAR) UNIVERSAL', '', 14000.00, '1'),
('UNVS-02', 'TAU-02', 'MR009', 'KG183', 'SK185', 'SP11110005', 'TERMINAL ACCU (KECIL) UNIVERSAL', '', 12000.00, '1'),
('UR56-32-220', 'PAF-01', 'MR006', 'KG198', 'SK200', 'SP11110005', 'PITMAN ARM TYPE "A" RANGER NEW', '', 207000.00, '1'),
('UR56-32-320A', 'IAF-01', 'MR006', 'KG198', 'SK200', 'SP11110005', 'IDLE ARM TYPE "A" RANGER NEW', '', 280000.00, '1'),
('UR56-32250', 'TRF-04', 'MR006', 'KG280', 'SK282', 'SP11110005', 'TIE ROD END LONG "TW" FORD RANGER NEW', '', 140000.00, '1'),
('UR61-32280', 'TRF', 'MR006', 'KG280', 'SK282', 'SP11110005', 'TIE ROD END SHORT "TW" FORD RANGER NEW', '', 110000.00, '1'),
('UR61-344550', 'BJF-04', 'MR006', 'KG027', 'SK027', 'SP11110005', 'BALL JOINT RANGER 3.0 BAWAH', '', 150000.00, '3'),
('UR61-34540', 'BJF-03', 'MR006', 'KG027', 'SK027', 'SP11110005', 'BALL JOINT RANGER 3.0 ATAS', '', 135850.00, '3'),
('WLY-101-40', 'BSF-01', 'MR006', 'KG036', 'SK036', 'SP11110003', 'BRAKE SHOE RANGER', '', 252000.00, '3'),
('ZN110-61120', 'BPN-02', 'MR008', 'KG032', 'SK038', 'SP11110008', 'BRAKE PAD LIVINA', '', 121000.00, '3'),
('ZN110-74881', 'BPN-01', 'MR008', 'KG031', 'SK032', 'SP11110008', 'BRAKE PAD TERANO', '', 141350.00, '3'),
('ZN110-95501', 'BPN-03', 'MR008', 'KG039', 'SK039', 'SP11110008', 'BRAKE PAD X-TRAIL', '', 172000.00, '3');

-- --------------------------------------------------------

--
-- Table structure for table `msbaranglist`
--

CREATE TABLE IF NOT EXISTS `msbaranglist` (
  `KdList` int(11) NOT NULL auto_increment,
  `KdBarang` varchar(20) NOT NULL,
  `Harga` decimal(20,2) NOT NULL,
  `Qty` double NOT NULL,
  `StatusBarangList` char(1) NOT NULL default '0',
  `StatusFising` char(1) NOT NULL default '0',
  PRIMARY KEY  (`KdList`),
  KEY `KdBarang` (`KdBarang`)
) ENGINE=InnoDB  DEFAULT CHARSET=latin1 AUTO_INCREMENT=141 ;

--
-- Dumping data for table `msbaranglist`
--

INSERT INTO `msbaranglist` (`KdList`, `KdBarang`, `Harga`, `Qty`, `StatusBarangList`, `StatusFising`) VALUES
(1, '37230-26020', 49400.00, 5, '0', '0'),
(2, '88120-0BL10', 82500.00, 2, '0', '0'),
(3, '1/2X61/2X31/32', 10000.00, 20, '0', '0'),
(4, '1/2X61/2X9/16', 10000.00, 20, '0', '0'),
(5, 'MB-082335', 29500.00, 5, '0', '0'),
(6, 'MB-006809', 21000.00, 10, '0', '0'),
(7, 'KACHIMATSU', 6250.00, 10, '0', '0'),
(8, '19145-26060', 6000.00, 20, '0', '0'),
(9, 'MH-031890', 16000.00, 10, '0', '0'),
(10, '11115-87109', 25000.00, 3, '0', '0'),
(11, 'WLY-101-40', 129000.00, 3, '0', '0'),
(12, '04495-OB020', 52000.00, 2, '0', '0'),
(13, 'ME-603213', 500000.00, 1, '0', '0'),
(14, '43468-0BL01', 371000.00, 3, '0', '0'),
(15, '8-94224-550-4', 37000.00, 125, '0', '0'),
(16, '8-94459-453-4A', 48500.00, 23, '0', '0'),
(17, '8-94365-164-0A', 51000.00, 52, '0', '0'),
(18, '8-94365-165-0A', 51000.00, 62, '0', '0'),
(19, '43330-09295A', 39500.00, 50, '0', '0'),
(20, '43310-09015A', 38750.00, 25, '0', '0'),
(21, '43330-29175A', 53000.00, 15, '0', '0'),
(22, '43360-29056A', 33000.00, 10, '0', '0'),
(23, 'MB-166423', 93000.00, 24, '0', '0'),
(24, 'MB-166425', 91000.00, 10, '0', '0'),
(25, '04431-36100', 98000.00, 16, '0', '0'),
(26, 'MC-075131', 650000.00, 3, '0', '0'),
(27, '04495-OB020', 52000.00, 17, '0', '0'),
(28, '47201-87609', 130000.00, 20, '0', '0'),
(29, '47201-38010', 125000.00, 8, '0', '0'),
(30, '51100-77500', 120000.00, 10, '0', '0'),
(31, '23301-87302', 41500.00, 20, '0', '0'),
(32, 'FT313', 2000.00, 30, '0', '0'),
(33, 'FI357', 2000.00, 10, '0', '0'),
(34, '28011-87303', 27500.00, 10, '0', '0'),
(35, 'MB-248213', 69000.00, 40, '0', '0'),
(36, '04495-OK010', 97000.00, 13, '0', '0'),
(37, 'WLY-101-40', 130000.00, 6, '0', '0'),
(38, 'MB-549934', 58000.00, 16, '0', '0'),
(39, '48069-87507', 98000.00, 6, '0', '0'),
(40, '48068-87507', 98000.00, 6, '0', '0'),
(41, '14465-OB030', 38500.00, 75, '0', '0'),
(42, 'MB-773901', 29000.00, 45, '0', '0'),
(43, '04465-OK100', 44500.00, 74, '0', '0'),
(44, '45450-87680', 77000.00, 3, '0', '0'),
(45, 'MC-080929', 154000.00, 5, '0', '0'),
(46, '8-94237-366-1', 105000.00, 5, '0', '0'),
(47, '33700-77310', 39000.00, 4, '0', '0'),
(48, '19901-87544', 55000.00, 5, '0', '0'),
(49, '19901-87198', 55000.00, 20, '0', '0'),
(50, '04313-22020', 7000.00, 35, '0', '0'),
(51, '04313-37030', 9000.00, 15, '0', '0'),
(52, '48900-77500', 29000.00, 33, '0', '0'),
(53, '04479-YD010', 13000.00, 15, '0', '0'),
(54, '8-94461-250-0', 13000.00, 7, '0', '0'),
(55, '55100-77300', 10000.00, 12, '0', '0'),
(56, '04479-87602', 12000.00, 35, '0', '0'),
(57, '04479-0K100', 14000.00, 8, '0', '0'),
(58, 'MK-326526', 140000.00, 16, '0', '0'),
(59, '47201-27170', 125000.00, 9, '0', '0'),
(60, '47201-27160', 125000.00, 4, '0', '0'),
(61, '47201-38040', 125000.00, 9, '0', '0'),
(62, '51100-77500', 115000.00, 3, '0', '0'),
(63, '8-94223-221', 102000.00, 10, '0', '0'),
(64, '8-94223-222', 102000.00, 10, '0', '0'),
(65, '8-94223-222A', 190500.00, 2, '0', '0'),
(66, '45200-75F20', 83500.00, 2, '0', '0'),
(67, 'BN-FUSORR', 19500.00, 20, '0', '0'),
(68, 'BN-NKR66RH', 19500.00, 10, '0', '0'),
(69, 'BN-135RL', 19500.00, 5, '0', '0'),
(70, 'BN-135RR', 19500.00, 5, '0', '0'),
(71, 'BN-100RR', 17500.00, 35, '0', '0'),
(72, 'BN-100RL', 17500.00, 5, '0', '0'),
(73, 'BN-100FL', 15500.00, 10, '0', '0'),
(74, 'BN-100FR', 15500.00, 10, '0', '0'),
(75, 'BN-100RL', 17500.00, 10, '0', '0'),
(76, 'BN-100RR', 17500.00, 10, '0', '0'),
(77, 'MT-420213', 250000.00, 4, '0', '0'),
(78, 'MT-420214', 250000.00, 9, '0', '0'),
(79, 'MD-009141', 39000.00, 17, '0', '0'),
(80, 'MD-143880', 41500.00, 19, '0', '0'),
(81, '33700-77310', 39000.00, 4, '0', '0'),
(82, '19901-87544', 55000.00, 2, '0', '0'),
(83, '19901-87198', 55000.00, 3, '0', '0'),
(84, '90919-21606', 69000.00, 2, '0', '0'),
(85, '90048-58298', 39000.00, 8, '0', '0'),
(86, 'MB-248213', 69000.00, 10, '0', '0'),
(87, '23380-56060', 41500.00, 40, '0', '0'),
(88, '04311-17020', 7500.00, 49, '0', '0'),
(89, 'MC-113059', 8000.00, 50, '0', '0'),
(90, '8-94443-569-1', 8500.00, 5, '0', '0'),
(91, 'MB-165195', 7500.00, 3, '0', '0'),
(92, '37110-36010', 70000.00, 2, '0', '0'),
(93, '48900-77300', 29000.00, 6, '0', '0'),
(94, '33700-77500', 39000.00, 2, '0', '0'),
(95, 'MB-166420', 35500.00, 9, '0', '0'),
(96, 'MB-166425', 91000.00, 17, '0', '0'),
(97, 'MB-166423', 93000.00, 9, '0', '0'),
(98, 'MB-166428', 105000.00, 12, '0', '0'),
(99, '45490-29485', 96500.00, 13, '0', '0'),
(100, '8-94313-438-0', 121000.00, 5, '0', '0'),
(101, '47201-38010', 121000.00, 5, '0', '0'),
(102, 'MB-277422', 115000.00, 20, '0', '0'),
(103, 'M-554950', 41500.00, 6, '0', '0'),
(104, '37315-36020', 35000.00, 4, '0', '0'),
(105, 'MB-154292', 30000.00, 6, '0', '0'),
(106, '27131-83001', 27500.00, 4, '0', '0'),
(107, 'MC-830811', 96500.00, 1, '0', '0'),
(108, '41204-37060', 62500.00, 5, '0', '0'),
(109, 'MB-006065', 38500.00, 6, '0', '0'),
(110, '8-94224-550-4', 37000.00, 4, '0', '0'),
(111, '8-94365-164-0A', 51000.00, 2, '0', '0'),
(112, '8-94365-165-0A', 51000.00, 5, '0', '0'),
(113, '8-94459-453-4A', 48500.00, 10, '0', '0'),
(114, 'UH71-34550', 42000.00, 7, '0', '0'),
(115, 'UH74-34550', 56000.00, 16, '0', '0'),
(116, 'UR61-344550', 70000.00, 9, '0', '0'),
(117, '45700-60A00', 66500.00, 3, '0', '0'),
(118, '40110-01G26', 66500.00, 4, '0', '0'),
(119, '48068-BZ080', 31500.00, 11, '0', '0'),
(120, '51220-SX8-T01', 43000.00, 3, '0', '0'),
(121, '54501-EE530', 31500.00, 45, '0', '0'),
(122, '13011-78060', 200000.00, 2, '0', '0'),
(123, '13101-78120', 550000.00, 1, '0', '0'),
(124, '11461-78021', 575000.00, 1, '0', '0'),
(125, 'MT-420213', 250000.00, 4, '0', '0'),
(126, 'MB-098426', 68500.00, 3, '0', '0'),
(127, '37400-77510', 71500.00, 2, '0', '0'),
(128, '8-94385-216-1', 25000.00, 3, '0', '0'),
(130, '45046/47-87680/85', 112000.00, 2, '0', '0'),
(131, 'MB-166428', 105000.00, 3, '0', '0'),
(134, '1-41521-035', 68500.00, 2, '0', '0'),
(135, '8-94223-222', 102000.00, 2, '0', '0'),
(136, '8-94223-221', 102000.00, 2, '0', '0'),
(137, 'MB-006065', 38500.00, 5, '0', '0'),
(138, '092130-0050', 11500.00, 3, '0', '0'),
(139, '33100-77500', 2500.00, 30, '0', '0'),
(140, 'MT-141442', 1750.00, 10, '0', '0');

-- --------------------------------------------------------

--
-- Table structure for table `mskategori`
--

CREATE TABLE IF NOT EXISTS `mskategori` (
  `KdKategori` varchar(20) NOT NULL,
  `Kategori` varchar(50) default NULL,
  PRIMARY KEY  (`KdKategori`)
) ENGINE=InnoDB DEFAULT CHARSET=latin1;

--
-- Dumping data for table `mskategori`
--

INSERT INTO `mskategori` (`KdKategori`, `Kategori`) VALUES
('KG001', '4K'),
('KG002', 'RINO 115/F70'),
('KG003', 'PHANTER/KBD25'),
('KG004', 'EXTRA/S89'),
('KG005', 'PS100'),
('KG006', 'PS120'),
('KG007', 'FUTURA'),
('KG008', 'CARRY'),
('KG009', 'DYNA 125'),
('KG010', 'RINO 115'),
('KG011', '7K'),
('KG012', 'TAFT F85'),
('KG013', 'S88/S89'),
('KG014', '5K/7K'),
('KG015', 'INNOVA'),
('KG016', 'AVANZA'),
('KG017', 'PHANTER'),
('KG018', 'TOURING'),
('KG019', 'L300'),
('KG020', 'L200'),
('KG021', 'TRITON'),
('KG022', 'KUDA'),
('KG023', 'GRANDMAX'),
('KG024', 'VITARA'),
('KG025', 'RANGER 2.5'),
('KG026', 'RANGER 2.9'),
('KG027', 'RANGER 3.0'),
('KG028', 'CRV'),
('KG029', 'JAZZ'),
('KG030', 'NEW CRV'),
('KG031', 'TERANO'),
('KG032', 'LIVINA'),
('KG033', 'CRV 07-09'),
('KG034', 'HI-LUX'),
('KG035', 'FORTUNER'),
('KG036', 'RANGER'),
('KG037', 'L100'),
('KG038', '5K'),
('KG039', 'X-TRAIL'),
('KG040', 'TAFT'),
('KG041', 'ZEBRA'),
('KG042', 'KRISTA'),
('KG043', 'L300 BENSIN'),
('KG044', 'L300 DIESEL'),
('KG045', 'KIJANG'),
('KG046', '2F'),
('KG047', 'V22'),
('KG048', 'S75'),
('KG049', 'S88'),
('KG050', 'S89'),
('KG051', 'F70'),
('KG052', 'FUSO'),
('KG053', 'T120SS'),
('KG054', 'EXTRA'),
('KG055', 'FE 79'),
('KG056', 'L300 DLX'),
('KG057', 'L300 OLD'),
('KG058', 'PS135'),
('KG059', 'T120'),
('KG060', 'PS190'),
('KG061', 'CK12'),
('KG062', 'HT125'),
('KG063', 'L038'),
('KG064', '14B'),
('KG065', 'CARRY EXTRA'),
('KG066', 'PS110'),
('KG067', 'GRAND'),
('KG068', '7K EXPO'),
('KG069', 'PS120 NEW'),
('KG070', 'PS135 NEW'),
('KG071', 'T120"78'),
('KG072', 'L300 B"83'),
('KG073', 'L300 D'),
('KG074', '7K GRAND'),
('KG075', 'S91'),
('KG076', 'F50'),
('KG077', 'V83'),
('KG078', 'BJ40 DIESEL'),
('KG079', '1F BENSIN'),
('KG080', '2F BENSIN'),
('KG081', 'HIACE'),
('KG082', 'CORROLA DX"73-81'),
('KG083', 'GL/TW CAM/GREAT/SL'),
('KG084', 'COROLLA NEW"86-96'),
('KG085', 'STARLET"85-96'),
('KG086', 'JETSTAR'),
('KG087', 'GALLANT'),
('KG088', 'LANCER'),
('KG089', 'DANGAN SOHC "88-89'),
('KG090', 'ST20"75-84'),
('KG091', 'LJ80"75-82'),
('KG092', 'FUTURA/T120SS'),
('KG093', 'KATANA'),
('KG094', 'SJ410 OLD"83-85'),
('KG095', 'VITARA/ESCUDO'),
('KG096', 'FORSA'),
('KG097', 'AMENITY/ESTEEM'),
('KG098', 'APV'),
('KG099', 'S10-P/S75'),
('KG100', 'S10-P'),
('KG101', 'F70/FEROZA"81-96'),
('KG102', 'CHARADE G11'),
('KG103', 'ROCKY'),
('KG104', 'CLASSY/G-100'),
('KG105', 'KBD25"75-80'),
('KG106', 'KBD26"81-84'),
('KG107', 'PS77/NHR 55 ENGKEL'),
('KG108', 'CRV/STREAM'),
('KG109', 'EH700/PS190'),
('KG110', 'TIMOR'),
('KG111', '7K DIESEL'),
('KG112', 'HT125/140'),
('KG113', 'RINO'),
('KG114', 'PS100/L300'),
('KG115', 'DELTA/V22'),
('KG116', 'FM215'),
('KG117', 'FE'),
('KG118', 'KF 50 (5/8)'),
('KG119', 'KF40 (5/8)'),
('KG120', 'PHANTER 2.3/2.5'),
('KG121', 'PS135/TURBO'),
('KG122', '6D16'),
('KG123', '6D22'),
('KG124', 'L300/FUTURA'),
('KG125', 'RINO 115/14B'),
('KG126', 'LT125'),
('KG127', 'TAFT F70'),
('KG128', 'TAFT F55'),
('KG129', 'PHANTER 2.5'),
('KG130', '2000M'),
('KG131', '2500M'),
('KG132', '3000M'),
('KG133', '3500 M'),
('KG134', '4000M'),
('KG135', '4500M'),
('KG136', '5000M'),
('KG137', '5500M'),
('KG138', '6000M'),
('KG139', '6500M'),
('KG140', '7000M'),
('KG141', '7500M'),
('KG142', '8000M'),
('KG143', 'CARRY/FUTURA'),
('KG144', 'S89/S91'),
('KG145', 'TURBO125/PS136/FE"71'),
('KG146', 'FM 517'),
('KG147', 'FE"84'),
('KG148', 'P135'),
('KG149', 'KB 26'),
('KG150', 'UNIVERSAL 30CM'),
('KG151', 'UNIVERSAL 50CM'),
('KG152', 'UNIVERSAL 75CM'),
('KG153', 'UNIVERSAL 200CM'),
('KG154', 'F70/TAFT GT'),
('KG155', 'HINO'),
('KG156', 'CANTER'),
('KG157', 'INNOVA B'),
('KG158', 'INNOVA D'),
('KG159', '125 HT'),
('KG160', 'KF40'),
('KG161', '2F/T210'),
('KG162', 'RINO/F70'),
('KG163', 'ST100'),
('KG164', 'FM516'),
('KG165', 'S75/S88'),
('KG166', 'C190/PHANTER'),
('KG167', 'F73'),
('KG168', 'TROOPER'),
('KG169', 'FN 527'),
('KG170', 'CARRY ST100'),
('KG171', 'KF10/20'),
('KG172', 'KAD'),
('KG173', 'KBD25'),
('KG174', 'NKR66'),
('KG175', '1F'),
('KG176', '12R'),
('KG177', 'KIJANG KF20'),
('KG178', 'INTERCOOLER'),
('KG179', 'PS100 NEW'),
('KG180', 'PS120/135'),
('KG181', 'F50/V22'),
('KG182', 'PS125 TURBO'),
('KG183', 'UNIVERSAL'),
('KG184', 'KBD 26'),
('KG185', 'DYNA 125HT'),
('KG186', 'DYNA 125LT'),
('KG187', '2F/HARTOP'),
('KG188', 'PS100/120'),
('KG189', 'PS INTERCOOLER'),
('KG190', '3 IN 1'),
('KG191', 'HINO JUMBO'),
('KG192', 'HINO K1'),
('KG193', 'HINO K2'),
('KG194', 'CARRY/KATANA'),
('KG195', 'FM 516'),
('KG196', 'FUTURA NEW'),
('KG197', 'FUTURA/CARRY'),
('KG198', 'RANGER NEW'),
('KG199', 'HT125/DUTRO'),
('KG200', 'L300 CYCLONE/L039'),
('KG201', 'L300 D 2.3'),
('KG202', 'T120 INJECTION'),
('KG203', 'T120SS INJECTION'),
('KG204', '7K EFI'),
('KG205', 'FEROZA'),
('KG206', 'HINO RANGER'),
('KG207', 'KF 60'),
('KG208', 'NKR 55'),
('KG209', 'HT 130'),
('KG210', 'HT 140'),
('KG211', 'FM/FR'),
('KG212', 'FUSO FEIGHTER/FM516'),
('KG213', 'DYNA 125/ HT 125'),
('KG214', 'KARIMUN'),
('KG215', 'BALENO'),
('KG216', 'XENIA'),
('KG217', 'PS100/120/FE/T210'),
('KG218', 'GALLANT 96-V6'),
('KG219', 'DANGAN/LANCER 93'),
('KG220', 'D-MAX'),
('KG221', 'CRV OLD/VERIO'),
('KG222', 'CRV OLD'),
('KG223', 'CRV NEW'),
('KG224', 'RINO HT'),
('KG225', 'GREAT AE92'),
('KG226', 'TWINT CAMP98'),
('KG227', 'RAV 4'),
('KG228', 'RUSH/TERIOS'),
('KG229', 'YARIS/NEW VIOS'),
('KG230', 'NEW CAMRY SXV2.0'),
('KG231', 'NEW CAMRY 2.4-3.0'),
('KG232', 'INNOVA 2.7/FORTUNER 2.7'),
('KG233', 'INNOVA D SINGLE DISC'),
('KG234', 'ST100/KIJANG/S89'),
('KG235', 'PS/L300'),
('KG236', 'PHANTER/TOURING'),
('KG237', 'L200/RANGER/GRANDMAX'),
('KG238', 'FUTURA/EXTRA'),
('KG239', 'S89/ESPASS 1.3'),
('KG240', 'CRV 03-06'),
('KG241', '5K/GRAND'),
('KG242', 'PHANTER 2.3'),
('KG243', 'L300/T120'),
('KG244', 'FM 215/516'),
('KG245', 'L039'),
('KG246', 'RINO/TAFT'),
('KG247', 'SJ410/KATANA'),
('KG248', 'FM215/516(16T)'),
('KG249', 'F85'),
('KG250', 'S91/ESPASS'),
('KG251', '5K 85-86'),
('KG252', '5K 87-91'),
('KG253', 'T120/4K'),
('KG254', 'RINO/V22'),
('KG255', 'S88/5K/CARRY EXTRA'),
('KG256', 'PS100/T120'),
('KG257', 'PS100/PS120'),
('KG258', 'AVANZA/RUSH'),
('KG259', 'AVANZA VVTI'),
('KG260', '7K DELUX'),
('KG261', 'KIJANG EFI'),
('KG262', 'KUDA NEW'),
('KG263', 'FUSO PS190'),
('KG264', 'KAD51'),
('KG265', 'ST100,FUTURA,T120'),
('KG266', 'BALENO/FORSA'),
('KG267', 'VITARA/ESCUDO/JIMMY'),
('KG268', 'VITARA/ESCUDO 88'),
('KG269', '5K/7K/GRAND'),
('KG270', 'DYNA 125/HINO DUTRO'),
('KG271', 'AVANZA/XENIA'),
('KG272', 'HARTOP/2F'),
('KG273', 'RUSH'),
('KG274', 'VIOS'),
('KG275', 'VIOS NEW'),
('KG276', 'LANCRUISER HDJ80'),
('KG277', 'BU30'),
('KG278', 'S92'),
('KG279', 'FORD RANGER 2.5'),
('KG280', 'FORD RANGER NEW'),
('KG281', 'GENIO/GRAND/CIVIC'),
('KG282', 'CITY TYPE Z'),
('KG283', 'CRV NEW 01-06'),
('KG284', 'JAZZ/FIT/NEW CITY'),
('KG285', 'GRAND LIVINA'),
('KG286', 'FUTURA INJECTION'),
('KG287', 'PHANTER 2.3/KBD'),
('KG288', 'PHANTER 2.5/KAD/BISON'),
('KG289', 'KIJANG KF 70'),
('KG290', 'PS100 ENGKEL'),
('KG291', 'PS100 DOUBLE'),
('KG292', 'ACCORD'),
('KG293', 'CIVIC'),
('KG294', 'JAZZ04-07'),
('KG295', 'CRV 07-08'),
('KG296', 'KF 20'),
('KG297', 'KF 70'),
('KG298', 'HIACE/14B');

-- --------------------------------------------------------

--
-- Table structure for table `msmerk`
--

CREATE TABLE IF NOT EXISTS `msmerk` (
  `kdmerk` varchar(20) NOT NULL,
  `merk` varchar(50) default NULL,
  PRIMARY KEY  (`kdmerk`)
) ENGINE=InnoDB DEFAULT CHARSET=latin1;

--
-- Dumping data for table `msmerk`
--

INSERT INTO `msmerk` (`kdmerk`, `merk`) VALUES
('MR001', 'TOYOTA'),
('MR002', 'ISUZU'),
('MR003', 'SUZUKI'),
('MR004', 'MITSUBISHI'),
('MR005', 'DAIHATSU'),
('MR006', 'FORD'),
('MR007', 'HONDA'),
('MR008', 'NISSAN'),
('MR009', 'UNIVERSAL'),
('MR010', 'EXCELLENT'),
('MR011', 'HINO'),
('MR012', 'KIA');

-- --------------------------------------------------------

--
-- Table structure for table `mssales`
--

CREATE TABLE IF NOT EXISTS `mssales` (
  `KdSales` varchar(20) NOT NULL,
  `NamaSales` varchar(200) default NULL,
  `Alamat` text,
  `NoTelp` varchar(20) default NULL,
  `NoHP` varchar(20) default NULL,
  `Komisi` double default '0',
  PRIMARY KEY  (`KdSales`)
) ENGINE=MyISAM DEFAULT CHARSET=latin1;

--
-- Dumping data for table `mssales`
--

INSERT INTO `mssales` (`KdSales`, `NamaSales`, `Alamat`, `NoTelp`, `NoHP`, `Komisi`) VALUES
('AN', 'ANDI', 'JAKARTA', '081383622702', '087840859346', 0),
('HR', 'Hendry', 'Jl. test123', '123123', '123', 0),
('RO', 'Rio', 'JL. haha', '12312', '1123', 0),
('RR', 'randy', 'jl. test', '123123123', '', 0);

-- --------------------------------------------------------

--
-- Table structure for table `mssubkategori`
--

CREATE TABLE IF NOT EXISTS `mssubkategori` (
  `KdSub` varchar(20) NOT NULL,
  `SubKategori` varchar(50) default NULL,
  PRIMARY KEY  (`KdSub`)
) ENGINE=MyISAM DEFAULT CHARSET=latin1;

--
-- Dumping data for table `mssubkategori`
--


-- --------------------------------------------------------

--
-- Table structure for table `mssupplier`
--

CREATE TABLE IF NOT EXISTS `mssupplier` (
  `KdSupplier` varchar(20) NOT NULL,
  `Nama` varchar(200) default NULL,
  `Alamat` text,
  `Daerah` varchar(100) default NULL,
  `NoTelp` varchar(20) default NULL,
  `NoHP` varchar(20) default NULL,
  `noFax` varchar(20) default NULL,
  `IsAktif` char(1) NOT NULL,
  PRIMARY KEY  (`KdSupplier`)
) ENGINE=InnoDB DEFAULT CHARSET=latin1;

--
-- Dumping data for table `mssupplier`
--

INSERT INTO `mssupplier` (`KdSupplier`, `Nama`, `Alamat`, `Daerah`, `NoTelp`, `NoHP`, `noFax`, `IsAktif`) VALUES
('PD12010001', 'jg', 'fgh', '', '56', '567', '567', '1'),
('PD12010002', 'egr', '', NULL, '', '', '', '1');

-- --------------------------------------------------------

--
-- Table structure for table `mstoko`
--

CREATE TABLE IF NOT EXISTS `mstoko` (
  `KdToko` varchar(20) NOT NULL,
  `NamaToko` varchar(200) default NULL,
  `NamaOwner` varchar(200) default NULL,
  `AlamatToko` text,
  `KdArea` varchar(20) default NULL,
  `Daerah` varchar(200) default NULL,
  `KdEkspedisi` varchar(20) default NULL,
  `NoTelp` varchar(20) default NULL,
  `NoHP` varchar(20) default NULL,
  `NoFax` varchar(20) default NULL,
  `JatuhTempo` int(11) default NULL,
  PRIMARY KEY  (`KdToko`),
  KEY `KdProvinsi` (`KdArea`),
  KEY `KdEkspedisi` (`KdEkspedisi`)
) ENGINE=InnoDB DEFAULT CHARSET=latin1;

--
-- Dumping data for table `mstoko`
--

INSERT INTO `mstoko` (`KdToko`, `NamaToko`, `NamaOwner`, `AlamatToko`, `KdArea`, `Daerah`, `KdEkspedisi`, `NoTelp`, `NoHP`, `NoFax`, `JatuhTempo`) VALUES
('TK1108020001', 'CV. Gage Utama', 'Sandi Sara', 'Jl. Jauh Banget', 'AR11080001', 'Kota', 'EK11080002', '123123', '', '', 5),
('TK1108200001', 'PT ABC', 'Dina', 'JL Slipi', 'AR11080001', 'Slipi', 'EK11080003', '0292029', '0292029', '', 10),
('TK1111140001', '1234234', '234', '2', 'AR11080003', '24', 'EK11110001', '2', '234', '234', 2),
('TK1201050001', 'SUMBER JAYA', 'X', 'JL. BUDI UTOMO PASAR SIMPRUT SAMPING POS POLISI', 'AR12010001', 'SINGKUT', 'EK12010001', '0745-91860', '', '', 60),
('TK1201060001', 'BKM (BINA KARYA MOTOR)', 'XX', 'JL. RAYA LINTAS TIMUR, PASAR UNIT 2', 'AR12010001', 'TULANG BAWANG UNIT 2', 'EK12010002', '0726-750324', '', '', 60);

-- --------------------------------------------------------

--
-- Table structure for table `msuser`
--

CREATE TABLE IF NOT EXISTS `msuser` (
  `userid` varchar(20) NOT NULL,
  `username` varchar(50) default NULL,
  `Password` varchar(20) default NULL,
  `NamaLengkap` varchar(50) default NULL,
  `Level` char(1) default '1',
  `Alamat` text,
  `Keahlian` text,
  PRIMARY KEY  (`userid`)
) ENGINE=InnoDB DEFAULT CHARSET=latin1;

--
-- Dumping data for table `msuser`
--

INSERT INTO `msuser` (`userid`, `username`, `Password`, `NamaLengkap`, `Level`, `Alamat`, `Keahlian`) VALUES
('US11010001', 'sa', '123456', 'user 1', '3', NULL, NULL);

-- --------------------------------------------------------

--
-- Table structure for table `trfaktur`
--

CREATE TABLE IF NOT EXISTS `trfaktur` (
  `no_increment` bigint(20) NOT NULL auto_increment,
  `KdFaktur` varchar(20) NOT NULL,
  `KdSO` varchar(20) NOT NULL,
  `TanggalFaktur` datetime NOT NULL,
  `KdSales` varchar(20) NOT NULL,
  `KdToko` varchar(20) NOT NULL,
  `GrandTotal` decimal(20,2) NOT NULL,
  `StatusFaktur` char(1) NOT NULL default '0',
  `StatusPayment` char(1) default '0',
  `UserID` varchar(20) NOT NULL,
  `KdSJ` varchar(20) default NULL,
  `TanggalSJ` datetime default NULL,
  `TotalKomisiSales` decimal(20,2) default '0.00',
  `TanggalJT` date default NULL,
  `TotalDiscKomisiSales` double default '0',
  PRIMARY KEY  (`no_increment`,`KdFaktur`),
  KEY `KdSO` (`KdSO`),
  KEY `KdSales` (`KdSales`),
  KEY `KdToko` (`KdToko`)
) ENGINE=MyISAM DEFAULT CHARSET=latin1 AUTO_INCREMENT=1 ;

--
-- Dumping data for table `trfaktur`
--


-- --------------------------------------------------------

--
-- Table structure for table `trfakturdetail`
--

CREATE TABLE IF NOT EXISTS `trfakturdetail` (
  `KdFakturDetail` int(11) NOT NULL auto_increment,
  `KdFaktur` varchar(20) NOT NULL,
  `KdBarang` varchar(20) NOT NULL,
  `Harga` decimal(20,2) NOT NULL,
  `QtyFaktur` double NOT NULL,
  `Qty` double NOT NULL,
  `Disc` double NOT NULL,
  `StatusBarang` char(1) NOT NULL default '0',
  `KomisiSales` decimal(20,2) default '0.00',
  `HargaDisc` decimal(20,2) default '0.00',
  `DiscKomisiSales` double default '0',
  PRIMARY KEY  (`KdFakturDetail`),
  KEY `KdFaktur` (`KdFaktur`),
  KEY `KdBarang` (`KdBarang`)
) ENGINE=MyISAM DEFAULT CHARSET=latin1 AUTO_INCREMENT=1 ;

--
-- Dumping data for table `trfakturdetail`
--


--
-- Constraints for dumped tables
--

--
-- Constraints for table `msbaranglist`
--
ALTER TABLE `msbaranglist`
  ADD CONSTRAINT `msbaranglist_ibfk_1` FOREIGN KEY (`KdBarang`) REFERENCES `msbarang` (`KdBarang`);
